Round,Title,submitter_name,voter_name,"Point Value"
"Guilty Pleasures","Highway Patrol",Sharky,Josef,1
"Guilty Pleasures","Highway Patrol",Sharky,Beez,1
"Guilty Pleasures","Highway Patrol",Sharky,Michael,1
"Guilty Pleasures","Highway Patrol",Sharky,Jack,1
"Guilty Pleasures","Highway Patrol",Sharky,Farhan,1
"Guilty Pleasures","Highway Patrol",Sharky,Yacob,1
"Guilty Pleasures","Highway Patrol",Sharky,Shaan,-1
"Guilty Pleasures","Highway Patrol",Sharky,Envy,0
"Guilty Pleasures","Highway Patrol",Sharky,Sahadar,0
"Guilty Pleasures","Highway Patrol",Sharky,Sharky,0
"Guilty Pleasures","Highway Patrol",Sharky,Sekhar,0
"Guilty Pleasures","Da Baddest Bitch",Michael,Josef,1
"Guilty Pleasures","Da Baddest Bitch",Michael,Beez,0
"Guilty Pleasures","Da Baddest Bitch",Michael,Michael,0
"Guilty Pleasures","Da Baddest Bitch",Michael,Jack,1
"Guilty Pleasures","Da Baddest Bitch",Michael,Farhan,1
"Guilty Pleasures","Da Baddest Bitch",Michael,Yacob,1
"Guilty Pleasures","Da Baddest Bitch",Michael,Shaan,0
"Guilty Pleasures","Da Baddest Bitch",Michael,Envy,-1
"Guilty Pleasures","Da Baddest Bitch",Michael,Sahadar,0
"Guilty Pleasures","Da Baddest Bitch",Michael,Sharky,0
"Guilty Pleasures","Da Baddest Bitch",Michael,Sekhar,0
"Guilty Pleasures",DONTTRUSTME,Envy,Josef,0
"Guilty Pleasures",DONTTRUSTME,Envy,Beez,0
"Guilty Pleasures",DONTTRUSTME,Envy,Michael,0
"Guilty Pleasures",DONTTRUSTME,Envy,Jack,0
"Guilty Pleasures",DONTTRUSTME,Envy,Farhan,0
"Guilty Pleasures",DONTTRUSTME,Envy,Yacob,0
"Guilty Pleasures",DONTTRUSTME,Envy,Shaan,1
"Guilty Pleasures",DONTTRUSTME,Envy,Envy,0
"Guilty Pleasures",DONTTRUSTME,Envy,Sahadar,1
"Guilty Pleasures",DONTTRUSTME,Envy,Sharky,0
"Guilty Pleasures",DONTTRUSTME,Envy,Sekhar,0
"Guilty Pleasures","Gitchee Gitchee Goo",Shaan,Josef,1
"Guilty Pleasures","Gitchee Gitchee Goo",Shaan,Beez,-1
"Guilty Pleasures","Gitchee Gitchee Goo",Shaan,Michael,-1
"Guilty Pleasures","Gitchee Gitchee Goo",Shaan,Jack,0
"Guilty Pleasures","Gitchee Gitchee Goo",Shaan,Farhan,0
"Guilty Pleasures","Gitchee Gitchee Goo",Shaan,Yacob,1
"Guilty Pleasures","Gitchee Gitchee Goo",Shaan,Shaan,0
"Guilty Pleasures","Gitchee Gitchee Goo",Shaan,Envy,-1
"Guilty Pleasures","Gitchee Gitchee Goo",Shaan,Sahadar,0
"Guilty Pleasures","Gitchee Gitchee Goo",Shaan,Sharky,1
"Guilty Pleasures","Gitchee Gitchee Goo",Shaan,Sekhar,1
"Guilty Pleasures","Against Me (feat. MAX)",Sahadar,Josef,0
"Guilty Pleasures","Against Me (feat. MAX)",Sahadar,Beez,0
"Guilty Pleasures","Against Me (feat. MAX)",Sahadar,Michael,0
"Guilty Pleasures","Against Me (feat. MAX)",Sahadar,Jack,1
"Guilty Pleasures","Against Me (feat. MAX)",Sahadar,Farhan,-1
"Guilty Pleasures","Against Me (feat. MAX)",Sahadar,Yacob,-1
"Guilty Pleasures","Against Me (feat. MAX)",Sahadar,Shaan,1
"Guilty Pleasures","Against Me (feat. MAX)",Sahadar,Envy,1
"Guilty Pleasures","Against Me (feat. MAX)",Sahadar,Sahadar,0
"Guilty Pleasures","Against Me (feat. MAX)",Sahadar,Sharky,0
"Guilty Pleasures","Against Me (feat. MAX)",Sahadar,Sekhar,0
"Guilty Pleasures",Helpless,Jack,Josef,0
"Guilty Pleasures",Helpless,Jack,Beez,1
"Guilty Pleasures",Helpless,Jack,Michael,0
"Guilty Pleasures",Helpless,Jack,Jack,0
"Guilty Pleasures",Helpless,Jack,Farhan,0
"Guilty Pleasures",Helpless,Jack,Yacob,0
"Guilty Pleasures",Helpless,Jack,Shaan,0
"Guilty Pleasures",Helpless,Jack,Envy,1
"Guilty Pleasures",Helpless,Jack,Sahadar,-1
"Guilty Pleasures",Helpless,Jack,Sharky,-1
"Guilty Pleasures",Helpless,Jack,Sekhar,1
"Guilty Pleasures","Dhoom Again",Beez,Josef,0
"Guilty Pleasures","Dhoom Again",Beez,Beez,0
"Guilty Pleasures","Dhoom Again",Beez,Michael,0
"Guilty Pleasures","Dhoom Again",Beez,Jack,-1
"Guilty Pleasures","Dhoom Again",Beez,Farhan,0
"Guilty Pleasures","Dhoom Again",Beez,Yacob,0
"Guilty Pleasures","Dhoom Again",Beez,Shaan,0
"Guilty Pleasures","Dhoom Again",Beez,Envy,0
"Guilty Pleasures","Dhoom Again",Beez,Sahadar,1
"Guilty Pleasures","Dhoom Again",Beez,Sharky,0
"Guilty Pleasures","Dhoom Again",Beez,Sekhar,1
"Guilty Pleasures","Be My Girl - Sally",Sekhar,Josef,-1
"Guilty Pleasures","Be My Girl - Sally",Sekhar,Beez,0
"Guilty Pleasures","Be My Girl - Sally",Sekhar,Michael,1
"Guilty Pleasures","Be My Girl - Sally",Sekhar,Jack,-1
"Guilty Pleasures","Be My Girl - Sally",Sekhar,Farhan,1
"Guilty Pleasures","Be My Girl - Sally",Sekhar,Yacob,-1
"Guilty Pleasures","Be My Girl - Sally",Sekhar,Shaan,0
"Guilty Pleasures","Be My Girl - Sally",Sekhar,Envy,0
"Guilty Pleasures","Be My Girl - Sally",Sekhar,Sahadar,0
"Guilty Pleasures","Be My Girl - Sally",Sekhar,Sharky,1
"Guilty Pleasures","Be My Girl - Sally",Sekhar,Sekhar,0
"Guilty Pleasures","Peaches (feat. Daniel Caesar & Giveon)",Farhan,Josef,0
"Guilty Pleasures","Peaches (feat. Daniel Caesar & Giveon)",Farhan,Beez,1
"Guilty Pleasures","Peaches (feat. Daniel Caesar & Giveon)",Farhan,Michael,0
"Guilty Pleasures","Peaches (feat. Daniel Caesar & Giveon)",Farhan,Jack,0
"Guilty Pleasures","Peaches (feat. Daniel Caesar & Giveon)",Farhan,Farhan,0
"Guilty Pleasures","Peaches (feat. Daniel Caesar & Giveon)",Farhan,Yacob,0
"Guilty Pleasures","Peaches (feat. Daniel Caesar & Giveon)",Farhan,Shaan,0
"Guilty Pleasures","Peaches (feat. Daniel Caesar & Giveon)",Farhan,Envy,1
"Guilty Pleasures","Peaches (feat. Daniel Caesar & Giveon)",Farhan,Sahadar,-1
"Guilty Pleasures","Peaches (feat. Daniel Caesar & Giveon)",Farhan,Sharky,-1
"Guilty Pleasures","Peaches (feat. Daniel Caesar & Giveon)",Farhan,Sekhar,0
"Guilty Pleasures","M@GICAL CURE! LOVE SHOT! (feat. Hatsune Miku)",Josef,Josef,0
"Guilty Pleasures","M@GICAL CURE! LOVE SHOT! (feat. Hatsune Miku)",Josef,Beez,-1
"Guilty Pleasures","M@GICAL CURE! LOVE SHOT! (feat. Hatsune Miku)",Josef,Michael,1
"Guilty Pleasures","M@GICAL CURE! LOVE SHOT! (feat. Hatsune Miku)",Josef,Jack,0
"Guilty Pleasures","M@GICAL CURE! LOVE SHOT! (feat. Hatsune Miku)",Josef,Farhan,-1
"Guilty Pleasures","M@GICAL CURE! LOVE SHOT! (feat. Hatsune Miku)",Josef,Yacob,0
"Guilty Pleasures","M@GICAL CURE! LOVE SHOT! (feat. Hatsune Miku)",Josef,Shaan,1
"Guilty Pleasures","M@GICAL CURE! LOVE SHOT! (feat. Hatsune Miku)",Josef,Envy,0
"Guilty Pleasures","M@GICAL CURE! LOVE SHOT! (feat. Hatsune Miku)",Josef,Sahadar,0
"Guilty Pleasures","M@GICAL CURE! LOVE SHOT! (feat. Hatsune Miku)",Josef,Sharky,0
"Guilty Pleasures","M@GICAL CURE! LOVE SHOT! (feat. Hatsune Miku)",Josef,Sekhar,-1
"Guilty Pleasures",RISE,Yacob,Josef,-1
"Guilty Pleasures",RISE,Yacob,Beez,0
"Guilty Pleasures",RISE,Yacob,Michael,-1
"Guilty Pleasures",RISE,Yacob,Jack,0
"Guilty Pleasures",RISE,Yacob,Farhan,0
"Guilty Pleasures",RISE,Yacob,Yacob,0
"Guilty Pleasures",RISE,Yacob,Shaan,-1
"Guilty Pleasures",RISE,Yacob,Envy,0
"Guilty Pleasures",RISE,Yacob,Sahadar,1
"Guilty Pleasures",RISE,Yacob,Sharky,1
"Guilty Pleasures",RISE,Yacob,Sekhar,-1
