Round,Title,submitter_name,voter_name,"Point Value"
Covers,"War Pigs - Live",Michael,Farhan,1
Covers,"War Pigs - Live",Michael,Yacob,1
Covers,"War Pigs - Live",Michael,Sekhar,0
Covers,"War Pigs - Live",Michael,Michael,0
Covers,"War Pigs - Live",Michael,Sahadar,0
Covers,"Cover My Eyes",Sahadar,Farhan,1
Covers,"Cover My Eyes",Sahadar,Yacob,0
Covers,"Cover My Eyes",Sahadar,Sekhar,1
Covers,"Cover My Eyes",Sahadar,Michael,0
Covers,"Cover My Eyes",Sahadar,Sahadar,0
Covers,"Bulls on Parade - triple j Like A Version",Sekhar,Farhan,1
Covers,"Bulls on Parade - triple j Like A Version",Sekhar,Yacob,0
Covers,"Bulls on Parade - triple j Like A Version",Sekhar,Sekhar,0
Covers,"Bulls on Parade - triple j Like A Version",Sekhar,Michael,1
Covers,"Bulls on Parade - triple j Like A Version",Sekhar,Sahadar,-1
Covers,21,Farhan,Farhan,0
Covers,21,Farhan,Yacob,-1
Covers,21,Farhan,Sekhar,0
Covers,21,Farhan,Michael,0
Covers,21,Farhan,Sahadar,1
Covers,"Stand By Me",Yacob,Farhan,1
Covers,"Stand By Me",Yacob,Yacob,0
Covers,"Stand By Me",Yacob,Sekhar,-1
Covers,"Stand By Me",Yacob,Michael,-1
Covers,"Stand By Me",Yacob,Sahadar,0
