Round,Title,submitter_name,voter_name,"Point Value"
"Shower Performers",Magnetic,Envy,Sahadar,1
"Shower Performers",Magnetic,Envy,Josef,1
"Shower Performers",Magnetic,Envy,Beez,1
"Shower Performers",Magnetic,Envy,Sharky,1
"Shower Performers",Magnetic,Envy,Michael,1
"Shower Performers",Magnetic,Envy,Jack,1
"Shower Performers",Magnetic,Envy,Farhan,1
"Shower Performers",Magnetic,Envy,Sekhar,1
"Shower Performers",Magnetic,Envy,Envy,0
"Shower Performers",Magnetic,Envy,Yacob,0
"Shower Performers","The Girl Is Mine (with Paul McCartney)",Sekhar,Sahadar,0
"Shower Performers","The Girl Is Mine (with Paul McCartney)",Sekhar,Josef,1
"Shower Performers","The Girl Is Mine (with Paul McCartney)",Sekhar,Beez,1
"Shower Performers","The Girl Is Mine (with Paul McCartney)",Sekhar,Sharky,1
"Shower Performers","The Girl Is Mine (with Paul McCartney)",Sekhar,Michael,1
"Shower Performers","The Girl Is Mine (with Paul McCartney)",Sekhar,Jack,1
"Shower Performers","The Girl Is Mine (with Paul McCartney)",Sekhar,Farhan,0
"Shower Performers","The Girl Is Mine (with Paul McCartney)",Sekhar,Sekhar,0
"Shower Performers","The Girl Is Mine (with Paul McCartney)",Sekhar,Envy,1
"Shower Performers","The Girl Is Mine (with Paul McCartney)",Sekhar,Yacob,1
"Shower Performers",Faded,Beez,Sahadar,1
"Shower Performers",Faded,Beez,Josef,0
"Shower Performers",Faded,Beez,Beez,0
"Shower Performers",Faded,Beez,Sharky,1
"Shower Performers",Faded,Beez,Michael,1
"Shower Performers",Faded,Beez,Jack,1
"Shower Performers",Faded,Beez,Farhan,1
"Shower Performers",Faded,Beez,Sekhar,0
"Shower Performers",Faded,Beez,Envy,1
"Shower Performers",Faded,Beez,Yacob,1
"Shower Performers","You Belong With Me",Jack,Sahadar,-1
"Shower Performers","You Belong With Me",Jack,Josef,1
"Shower Performers","You Belong With Me",Jack,Beez,1
"Shower Performers","You Belong With Me",Jack,Sharky,-1
"Shower Performers","You Belong With Me",Jack,Michael,0
"Shower Performers","You Belong With Me",Jack,Jack,0
"Shower Performers","You Belong With Me",Jack,Farhan,1
"Shower Performers","You Belong With Me",Jack,Sekhar,1
"Shower Performers","You Belong With Me",Jack,Envy,1
"Shower Performers","You Belong With Me",Jack,Yacob,1
"Shower Performers","She Lives in My Lap (feat. Rosario Dawson)",Michael,Sahadar,0
"Shower Performers","She Lives in My Lap (feat. Rosario Dawson)",Michael,Josef,0
"Shower Performers","She Lives in My Lap (feat. Rosario Dawson)",Michael,Beez,0
"Shower Performers","She Lives in My Lap (feat. Rosario Dawson)",Michael,Sharky,1
"Shower Performers","She Lives in My Lap (feat. Rosario Dawson)",Michael,Michael,0
"Shower Performers","She Lives in My Lap (feat. Rosario Dawson)",Michael,Jack,1
"Shower Performers","She Lives in My Lap (feat. Rosario Dawson)",Michael,Farhan,0
"Shower Performers","She Lives in My Lap (feat. Rosario Dawson)",Michael,Sekhar,1
"Shower Performers","She Lives in My Lap (feat. Rosario Dawson)",Michael,Envy,0
"Shower Performers","She Lives in My Lap (feat. Rosario Dawson)",Michael,Yacob,1
"Shower Performers","Tears Over Beers",Josef,Sahadar,1
"Shower Performers","Tears Over Beers",Josef,Josef,0
"Shower Performers","Tears Over Beers",Josef,Beez,1
"Shower Performers","Tears Over Beers",Josef,Sharky,0
"Shower Performers","Tears Over Beers",Josef,Michael,0
"Shower Performers","Tears Over Beers",Josef,Jack,0
"Shower Performers","Tears Over Beers",Josef,Farhan,1
"Shower Performers","Tears Over Beers",Josef,Sekhar,1
"Shower Performers","Tears Over Beers",Josef,Envy,0
"Shower Performers","Tears Over Beers",Josef,Yacob,0
"Shower Performers","How Sweet",Sahadar,Sahadar,0
"Shower Performers","How Sweet",Sahadar,Josef,1
"Shower Performers","How Sweet",Sahadar,Beez,1
"Shower Performers","How Sweet",Sahadar,Sharky,0
"Shower Performers","How Sweet",Sahadar,Michael,1
"Shower Performers","How Sweet",Sahadar,Jack,0
"Shower Performers","How Sweet",Sahadar,Farhan,1
"Shower Performers","How Sweet",Sahadar,Sekhar,0
"Shower Performers","How Sweet",Sahadar,Envy,-1
"Shower Performers","How Sweet",Sahadar,Yacob,0
"Shower Performers","Thinking with My Dick (feat. Juicy J)",Farhan,Sahadar,1
"Shower Performers","Thinking with My Dick (feat. Juicy J)",Farhan,Josef,1
"Shower Performers","Thinking with My Dick (feat. Juicy J)",Farhan,Beez,-1
"Shower Performers","Thinking with My Dick (feat. Juicy J)",Farhan,Sharky,1
"Shower Performers","Thinking with My Dick (feat. Juicy J)",Farhan,Michael,-1
"Shower Performers","Thinking with My Dick (feat. Juicy J)",Farhan,Jack,0
"Shower Performers","Thinking with My Dick (feat. Juicy J)",Farhan,Farhan,0
"Shower Performers","Thinking with My Dick (feat. Juicy J)",Farhan,Sekhar,0
"Shower Performers","Thinking with My Dick (feat. Juicy J)",Farhan,Envy,1
"Shower Performers","Thinking with My Dick (feat. Juicy J)",Farhan,Yacob,-1
"Shower Performers","Life is a Highway",Sharky,Sahadar,1
"Shower Performers","Life is a Highway",Sharky,Josef,-1
"Shower Performers","Life is a Highway",Sharky,Beez,0
"Shower Performers","Life is a Highway",Sharky,Sharky,0
"Shower Performers","Life is a Highway",Sharky,Michael,1
"Shower Performers","Life is a Highway",Sharky,Jack,-1
"Shower Performers","Life is a Highway",Sharky,Farhan,-1
"Shower Performers","Life is a Highway",Sharky,Sekhar,1
"Shower Performers","Life is a Highway",Sharky,Envy,0
"Shower Performers","Life is a Highway",Sharky,Yacob,1
"Shower Performers",1984,Yacob,Sahadar,0
"Shower Performers",1984,Yacob,Josef,0
"Shower Performers",1984,Yacob,Beez,0
"Shower Performers",1984,Yacob,Sharky,0
"Shower Performers",1984,Yacob,Michael,0
"Shower Performers",1984,Yacob,Jack,1
"Shower Performers",1984,Yacob,Farhan,0
"Shower Performers",1984,Yacob,Sekhar,-1
"Shower Performers",1984,Yacob,Envy,1
"Shower Performers",1984,Yacob,Yacob,0
