Round,Title,submitter_name,voter_name,"Point Value"
"Grrrl Power","I Really Want to Stay at Your House",Envy,Sahadar,1
"Grrrl Power","I Really Want to Stay at Your House",Envy,Josef,1
"Grrrl Power","I Really Want to Stay at Your House",Envy,Sharky,1
"Grrrl Power","I Really Want to Stay at Your House",Envy,Michael,1
"Grrrl Power","I Really Want to Stay at Your House",Envy,Jack,1
"Grrrl Power","I Really Want to Stay at Your House",Envy,Farhan,1
"Grrrl Power","I Really Want to Stay at Your House",Envy,Yacob,1
"Grrrl Power","I Really Want to Stay at Your House",Envy,Envy,0
"Grrrl Power","I Really Want to Stay at Your House",Envy,Sekhar,0
"Grrrl Power","I Really Want to Stay at Your House",Envy,Beez,0
"Grrrl Power","All I Wanted",Josef,Sahadar,1
"Grrrl Power","All I Wanted",Josef,Josef,0
"Grrrl Power","All I Wanted",Josef,Sharky,1
"Grrrl Power","All I Wanted",Josef,Michael,0
"Grrrl Power","All I Wanted",Josef,Jack,1
"Grrrl Power","All I Wanted",Josef,Farhan,0
"Grrrl Power","All I Wanted",Josef,Yacob,1
"Grrrl Power","All I Wanted",Josef,Envy,1
"Grrrl Power","All I Wanted",Josef,Sekhar,1
"Grrrl Power","All I Wanted",Josef,Beez,0
"Grrrl Power","Get Jinxed",Sharky,Sahadar,1
"Grrrl Power","Get Jinxed",Sharky,Josef,0
"Grrrl Power","Get Jinxed",Sharky,Sharky,0
"Grrrl Power","Get Jinxed",Sharky,Michael,1
"Grrrl Power","Get Jinxed",Sharky,Jack,1
"Grrrl Power","Get Jinxed",Sharky,Farhan,1
"Grrrl Power","Get Jinxed",Sharky,Yacob,0
"Grrrl Power","Get Jinxed",Sharky,Envy,1
"Grrrl Power","Get Jinxed",Sharky,Sekhar,1
"Grrrl Power","Get Jinxed",Sharky,Beez,-1
"Grrrl Power","Oxford Circus",Yacob,Sahadar,0
"Grrrl Power","Oxford Circus",Yacob,Josef,0
"Grrrl Power","Oxford Circus",Yacob,Sharky,1
"Grrrl Power","Oxford Circus",Yacob,Michael,1
"Grrrl Power","Oxford Circus",Yacob,Jack,0
"Grrrl Power","Oxford Circus",Yacob,Farhan,1
"Grrrl Power","Oxford Circus",Yacob,Yacob,0
"Grrrl Power","Oxford Circus",Yacob,Envy,0
"Grrrl Power","Oxford Circus",Yacob,Sekhar,1
"Grrrl Power","Oxford Circus",Yacob,Beez,1
"Grrrl Power",Unwritten,Sahadar,Sahadar,0
"Grrrl Power",Unwritten,Sahadar,Josef,0
"Grrrl Power",Unwritten,Sahadar,Sharky,1
"Grrrl Power",Unwritten,Sahadar,Michael,-1
"Grrrl Power",Unwritten,Sahadar,Jack,1
"Grrrl Power",Unwritten,Sahadar,Farhan,0
"Grrrl Power",Unwritten,Sahadar,Yacob,1
"Grrrl Power",Unwritten,Sahadar,Envy,0
"Grrrl Power",Unwritten,Sahadar,Sekhar,1
"Grrrl Power",Unwritten,Sahadar,Beez,1
"Grrrl Power",Clarity,Jack,Sahadar,-1
"Grrrl Power",Clarity,Jack,Josef,1
"Grrrl Power",Clarity,Jack,Sharky,0
"Grrrl Power",Clarity,Jack,Michael,0
"Grrrl Power",Clarity,Jack,Jack,0
"Grrrl Power",Clarity,Jack,Farhan,1
"Grrrl Power",Clarity,Jack,Yacob,1
"Grrrl Power",Clarity,Jack,Envy,1
"Grrrl Power",Clarity,Jack,Sekhar,0
"Grrrl Power",Clarity,Jack,Beez,1
"Grrrl Power",Espresso,Beez,Sahadar,1
"Grrrl Power",Espresso,Beez,Josef,1
"Grrrl Power",Espresso,Beez,Sharky,0
"Grrrl Power",Espresso,Beez,Michael,1
"Grrrl Power",Espresso,Beez,Jack,0
"Grrrl Power",Espresso,Beez,Farhan,-1
"Grrrl Power",Espresso,Beez,Yacob,-1
"Grrrl Power",Espresso,Beez,Envy,1
"Grrrl Power",Espresso,Beez,Sekhar,1
"Grrrl Power",Espresso,Beez,Beez,0
"Grrrl Power","March Madness",Farhan,Sahadar,1
"Grrrl Power","March Madness",Farhan,Josef,-1
"Grrrl Power","March Madness",Farhan,Sharky,1
"Grrrl Power","March Madness",Farhan,Michael,0
"Grrrl Power","March Madness",Farhan,Jack,1
"Grrrl Power","March Madness",Farhan,Farhan,0
"Grrrl Power","March Madness",Farhan,Yacob,1
"Grrrl Power","March Madness",Farhan,Envy,0
"Grrrl Power","March Madness",Farhan,Sekhar,-1
"Grrrl Power","March Madness",Farhan,Beez,1
"Grrrl Power",Torn,Sekhar,Sahadar,0
"Grrrl Power",Torn,Sekhar,Josef,1
"Grrrl Power",Torn,Sekhar,Sharky,0
"Grrrl Power",Torn,Sekhar,Michael,1
"Grrrl Power",Torn,Sekhar,Jack,0
"Grrrl Power",Torn,Sekhar,Farhan,0
"Grrrl Power",Torn,Sekhar,Yacob,0
"Grrrl Power",Torn,Sekhar,Envy,1
"Grrrl Power",Torn,Sekhar,Sekhar,0
"Grrrl Power",Torn,Sekhar,Beez,0
"Grrrl Power","Lose Control (feat. Ciara & Fat Man Scoop)",Michael,Sahadar,0
"Grrrl Power","Lose Control (feat. Ciara & Fat Man Scoop)",Michael,Josef,1
"Grrrl Power","Lose Control (feat. Ciara & Fat Man Scoop)",Michael,Sharky,-1
"Grrrl Power","Lose Control (feat. Ciara & Fat Man Scoop)",Michael,Michael,0
"Grrrl Power","Lose Control (feat. Ciara & Fat Man Scoop)",Michael,Jack,-1
"Grrrl Power","Lose Control (feat. Ciara & Fat Man Scoop)",Michael,Farhan,1
"Grrrl Power","Lose Control (feat. Ciara & Fat Man Scoop)",Michael,Yacob,0
"Grrrl Power","Lose Control (feat. Ciara & Fat Man Scoop)",Michael,Envy,-1
"Grrrl Power","Lose Control (feat. Ciara & Fat Man Scoop)",Michael,Sekhar,0
"Grrrl Power","Lose Control (feat. Ciara & Fat Man Scoop)",Michael,Beez,1
