Round,Title,submitter_name,voter_name,"Point Value"
"Awesome Obscurity","Why Worry",Sekhar,Josef,1
"Awesome Obscurity","Why Worry",Sekhar,Envy,1
"Awesome Obscurity","Why Worry",Sekhar,Beez,1
"Awesome Obscurity","Why Worry",Sekhar,Sharky,1
"Awesome Obscurity","Why Worry",Sekhar,Michael,1
"Awesome Obscurity","Why Worry",Sekhar,Jack,1
"Awesome Obscurity","Why Worry",Sekhar,Farhan,1
"Awesome Obscurity","Why Worry",Sekhar,Yacob,1
"Awesome Obscurity","Why Worry",Sekhar,Sahadar,0
"Awesome Obscurity","Why Worry",Sekhar,Sekhar,0
"Awesome Obscurity",Beaux-Mont,Envy,Josef,1
"Awesome Obscurity",Beaux-Mont,Envy,Envy,0
"Awesome Obscurity",Beaux-Mont,Envy,Beez,1
"Awesome Obscurity",Beaux-Mont,Envy,Sharky,0
"Awesome Obscurity",Beaux-Mont,Envy,Michael,0
"Awesome Obscurity",Beaux-Mont,Envy,Jack,1
"Awesome Obscurity",Beaux-Mont,Envy,Farhan,1
"Awesome Obscurity",Beaux-Mont,Envy,Yacob,1
"Awesome Obscurity",Beaux-Mont,Envy,Sahadar,1
"Awesome Obscurity",Beaux-Mont,Envy,Sekhar,1
"Awesome Obscurity","Same Name",Yacob,Josef,0
"Awesome Obscurity","Same Name",Yacob,Envy,1
"Awesome Obscurity","Same Name",Yacob,Beez,1
"Awesome Obscurity","Same Name",Yacob,Sharky,1
"Awesome Obscurity","Same Name",Yacob,Michael,0
"Awesome Obscurity","Same Name",Yacob,Jack,1
"Awesome Obscurity","Same Name",Yacob,Farhan,1
"Awesome Obscurity","Same Name",Yacob,Yacob,0
"Awesome Obscurity","Same Name",Yacob,Sahadar,1
"Awesome Obscurity","Same Name",Yacob,Sekhar,1
"Awesome Obscurity",Spiderwebs,Sharky,Josef,1
"Awesome Obscurity",Spiderwebs,Sharky,Envy,0
"Awesome Obscurity",Spiderwebs,Sharky,Beez,0
"Awesome Obscurity",Spiderwebs,Sharky,Sharky,0
"Awesome Obscurity",Spiderwebs,Sharky,Michael,1
"Awesome Obscurity",Spiderwebs,Sharky,Jack,1
"Awesome Obscurity",Spiderwebs,Sharky,Farhan,1
"Awesome Obscurity",Spiderwebs,Sharky,Yacob,1
"Awesome Obscurity",Spiderwebs,Sharky,Sahadar,0
"Awesome Obscurity",Spiderwebs,Sharky,Sekhar,1
"Awesome Obscurity","tsurugi no mai",Farhan,Josef,1
"Awesome Obscurity","tsurugi no mai",Farhan,Envy,1
"Awesome Obscurity","tsurugi no mai",Farhan,Beez,1
"Awesome Obscurity","tsurugi no mai",Farhan,Sharky,0
"Awesome Obscurity","tsurugi no mai",Farhan,Michael,1
"Awesome Obscurity","tsurugi no mai",Farhan,Jack,0
"Awesome Obscurity","tsurugi no mai",Farhan,Farhan,0
"Awesome Obscurity","tsurugi no mai",Farhan,Yacob,0
"Awesome Obscurity","tsurugi no mai",Farhan,Sahadar,1
"Awesome Obscurity","tsurugi no mai",Farhan,Sekhar,0
"Awesome Obscurity",HONEYBUTTER,Michael,Josef,0
"Awesome Obscurity",HONEYBUTTER,Michael,Envy,1
"Awesome Obscurity",HONEYBUTTER,Michael,Beez,1
"Awesome Obscurity",HONEYBUTTER,Michael,Sharky,1
"Awesome Obscurity",HONEYBUTTER,Michael,Michael,0
"Awesome Obscurity",HONEYBUTTER,Michael,Jack,0
"Awesome Obscurity",HONEYBUTTER,Michael,Farhan,0
"Awesome Obscurity",HONEYBUTTER,Michael,Yacob,1
"Awesome Obscurity",HONEYBUTTER,Michael,Sahadar,0
"Awesome Obscurity",HONEYBUTTER,Michael,Sekhar,1
"Awesome Obscurity","The Hunter",Josef,Josef,0
"Awesome Obscurity","The Hunter",Josef,Envy,-1
"Awesome Obscurity","The Hunter",Josef,Beez,0
"Awesome Obscurity","The Hunter",Josef,Sharky,1
"Awesome Obscurity","The Hunter",Josef,Michael,1
"Awesome Obscurity","The Hunter",Josef,Jack,1
"Awesome Obscurity","The Hunter",Josef,Farhan,1
"Awesome Obscurity","The Hunter",Josef,Yacob,1
"Awesome Obscurity","The Hunter",Josef,Sahadar,-1
"Awesome Obscurity","The Hunter",Josef,Sekhar,1
"Awesome Obscurity","In This Darkness",Beez,Josef,1
"Awesome Obscurity","In This Darkness",Beez,Envy,0
"Awesome Obscurity","In This Darkness",Beez,Beez,0
"Awesome Obscurity","In This Darkness",Beez,Sharky,0
"Awesome Obscurity","In This Darkness",Beez,Michael,1
"Awesome Obscurity","In This Darkness",Beez,Jack,-1
"Awesome Obscurity","In This Darkness",Beez,Farhan,0
"Awesome Obscurity","In This Darkness",Beez,Yacob,0
"Awesome Obscurity","In This Darkness",Beez,Sahadar,0
"Awesome Obscurity","In This Darkness",Beez,Sekhar,0
"Awesome Obscurity","In Autumn",Jack,Josef,0
"Awesome Obscurity","In Autumn",Jack,Envy,1
"Awesome Obscurity","In Autumn",Jack,Beez,0
"Awesome Obscurity","In Autumn",Jack,Sharky,1
"Awesome Obscurity","In Autumn",Jack,Michael,-1
"Awesome Obscurity","In Autumn",Jack,Jack,0
"Awesome Obscurity","In Autumn",Jack,Farhan,0
"Awesome Obscurity","In Autumn",Jack,Yacob,0
"Awesome Obscurity","In Autumn",Jack,Sahadar,-1
"Awesome Obscurity","In Autumn",Jack,Sekhar,-1
"Awesome Obscurity","MILLION DOLLAR BABY",Sahadar,Josef,-1
"Awesome Obscurity","MILLION DOLLAR BABY",Sahadar,Envy,0
"Awesome Obscurity","MILLION DOLLAR BABY",Sahadar,Beez,-1
"Awesome Obscurity","MILLION DOLLAR BABY",Sahadar,Sharky,-1
"Awesome Obscurity","MILLION DOLLAR BABY",Sahadar,Michael,0
"Awesome Obscurity","MILLION DOLLAR BABY",Sahadar,Jack,0
"Awesome Obscurity","MILLION DOLLAR BABY",Sahadar,Farhan,-1
"Awesome Obscurity","MILLION DOLLAR BABY",Sahadar,Yacob,-1
"Awesome Obscurity","MILLION DOLLAR BABY",Sahadar,Sahadar,0
"Awesome Obscurity","MILLION DOLLAR BABY",Sahadar,Sekhar,0
