Round,Title,submitter_name,voter_name,"Point Value"
"One Word Title",Atmosphere,Beez,Envy,1
"One Word Title",Atmosphere,Beez,Sharky,1
"One Word Title",Atmosphere,Beez,Jack,1
"One Word Title",Atmosphere,Beez,Farhan,1
"One Word Title",Atmosphere,Beez,Yacob,1
"One Word Title",Atmosphere,Beez,Sekhar,1
"One Word Title",Atmosphere,Beez,Josef,0
"One Word Title",Atmosphere,Beez,Beez,0
"One Word Title",Atmosphere,Beez,Michael,0
"One Word Title",Atmosphere,Beez,Sahadar,0
"One Word Title",Kollage,Yacob,Envy,0
"One Word Title",Kollage,Yacob,Sharky,1
"One Word Title",Kollage,Yacob,Jack,1
"One Word Title",Kollage,Yacob,Farhan,0
"One Word Title",Kollage,Yacob,Yacob,0
"One Word Title",Kollage,Yacob,Sekhar,0
"One Word Title",Kollage,Yacob,Josef,1
"One Word Title",Kollage,Yacob,Beez,1
"One Word Title",Kollage,Yacob,Michael,1
"One Word Title",Kollage,Yacob,Sahadar,0
"One Word Title",GEEKIN,Michael,Envy,0
"One Word Title",GEEKIN,Michael,Sharky,0
"One Word Title",GEEKIN,Michael,Jack,0
"One Word Title",GEEKIN,Michael,Farhan,0
"One Word Title",GEEKIN,Michael,Yacob,1
"One Word Title",GEEKIN,Michael,Sekhar,1
"One Word Title",GEEKIN,Michael,Josef,0
"One Word Title",GEEKIN,Michael,Beez,0
"One Word Title",GEEKIN,Michael,Michael,0
"One Word Title",GEEKIN,Michael,Sahadar,1
"One Word Title",Zombie,Jack,Envy,0
"One Word Title",Zombie,Jack,Sharky,1
"One Word Title",Zombie,Jack,Jack,0
"One Word Title",Zombie,Jack,Farhan,-1
"One Word Title",Zombie,Jack,Yacob,0
"One Word Title",Zombie,Jack,Sekhar,0
"One Word Title",Zombie,Jack,Josef,1
"One Word Title",Zombie,Jack,Beez,1
"One Word Title",Zombie,Jack,Michael,-1
"One Word Title",Zombie,Jack,Sahadar,1
"One Word Title",Bourgeois,Josef,Envy,0
"One Word Title",Bourgeois,Josef,Sharky,0
"One Word Title",Bourgeois,Josef,Jack,-1
"One Word Title",Bourgeois,Josef,Farhan,1
"One Word Title",Bourgeois,Josef,Yacob,0
"One Word Title",Bourgeois,Josef,Sekhar,1
"One Word Title",Bourgeois,Josef,Josef,0
"One Word Title",Bourgeois,Josef,Beez,0
"One Word Title",Bourgeois,Josef,Michael,0
"One Word Title",Bourgeois,Josef,Sahadar,0
"One Word Title",Wonderwall,Sharky,Envy,1
"One Word Title",Wonderwall,Sharky,Sharky,0
"One Word Title",Wonderwall,Sharky,Jack,1
"One Word Title",Wonderwall,Sharky,Farhan,1
"One Word Title",Wonderwall,Sharky,Yacob,-1
"One Word Title",Wonderwall,Sharky,Sekhar,-1
"One Word Title",Wonderwall,Sharky,Josef,-1
"One Word Title",Wonderwall,Sharky,Beez,1
"One Word Title",Wonderwall,Sharky,Michael,0
"One Word Title",Wonderwall,Sharky,Sahadar,-1
"One Word Title",Home,Envy,Envy,0
"One Word Title",Home,Envy,Sharky,0
"One Word Title",Home,Envy,Jack,0
"One Word Title",Home,Envy,Farhan,0
"One Word Title",Home,Envy,Yacob,1
"One Word Title",Home,Envy,Sekhar,0
"One Word Title",Home,Envy,Josef,0
"One Word Title",Home,Envy,Beez,0
"One Word Title",Home,Envy,Michael,0
"One Word Title",Home,Envy,Sahadar,-1
"One Word Title",MYSTERY,Sekhar,Envy,-1
"One Word Title",MYSTERY,Sekhar,Sharky,0
"One Word Title",MYSTERY,Sekhar,Jack,0
"One Word Title",MYSTERY,Sekhar,Farhan,-1
"One Word Title",MYSTERY,Sekhar,Yacob,0
"One Word Title",MYSTERY,Sekhar,Sekhar,0
"One Word Title",MYSTERY,Sekhar,Josef,1
"One Word Title",MYSTERY,Sekhar,Beez,-1
"One Word Title",MYSTERY,Sekhar,Michael,1
"One Word Title",MYSTERY,Sekhar,Sahadar,0
"One Word Title",Domino,Sahadar,Envy,-1
"One Word Title",Domino,Sahadar,Sharky,-1
"One Word Title",Domino,Sahadar,Jack,0
"One Word Title",Domino,Sahadar,Farhan,0
"One Word Title",Domino,Sahadar,Yacob,0
"One Word Title",Domino,Sahadar,Sekhar,0
"One Word Title",Domino,Sahadar,Josef,0
"One Word Title",Domino,Sahadar,Beez,-1
"One Word Title",Domino,Sahadar,Michael,1
"One Word Title",Domino,Sahadar,Sahadar,0
"One Word Title",IMU,Farhan,Envy,1
"One Word Title",IMU,Farhan,Sharky,-1
"One Word Title",IMU,Farhan,Jack,-1
"One Word Title",IMU,Farhan,Farhan,0
"One Word Title",IMU,Farhan,Yacob,-1
"One Word Title",IMU,Farhan,Sekhar,-1
"One Word Title",IMU,Farhan,Josef,-1
"One Word Title",IMU,Farhan,Beez,0
"One Word Title",IMU,Farhan,Michael,-1
"One Word Title",IMU,Farhan,Sahadar,1
