Round,Title,submitter_name,voter_name,"Point Value"
"In Memoriam","Weekend (feat. Miguel)",Yacob,Josef,1
"In Memoriam","Weekend (feat. Miguel)",Yacob,Envy,1
"In Memoriam","Weekend (feat. Miguel)",Yacob,Beez,1
"In Memoriam","Weekend (feat. Miguel)",Yacob,Sharky,1
"In Memoriam","Weekend (feat. Miguel)",Yacob,Jack,1
"In Memoriam","Weekend (feat. Miguel)",Yacob,Sekhar,1
"In Memoriam","Weekend (feat. Miguel)",Yacob,Farhan,0
"In Memoriam","Weekend (feat. Miguel)",Yacob,Michael,0
"In Memoriam","Levels - Original Version",Sharky,Josef,0
"In Memoriam","Levels - Original Version",Sharky,Envy,1
"In Memoriam","Levels - Original Version",Sharky,Beez,0
"In Memoriam","Levels - Original Version",Sharky,Sharky,0
"In Memoriam","Levels - Original Version",Sharky,Jack,1
"In Memoriam","Levels - Original Version",Sharky,Sekhar,0
"In Memoriam","Levels - Original Version",Sharky,Farhan,1
"In Memoriam","Levels - Original Version",Sharky,Michael,0
"In Memoriam",Faint,Envy,Josef,1
"In Memoriam",Faint,Envy,Envy,0
"In Memoriam",Faint,Envy,Beez,-1
"In Memoriam",Faint,Envy,Sharky,-1
"In Memoriam",Faint,Envy,Jack,1
"In Memoriam",Faint,Envy,Sekhar,0
"In Memoriam",Faint,Envy,Farhan,1
"In Memoriam",Faint,Envy,Michael,1
"In Memoriam","Home Is Where the Hatred Is",Michael,Josef,0
"In Memoriam","Home Is Where the Hatred Is",Michael,Envy,-1
"In Memoriam","Home Is Where the Hatred Is",Michael,Beez,1
"In Memoriam","Home Is Where the Hatred Is",Michael,Sharky,0
"In Memoriam","Home Is Where the Hatred Is",Michael,Jack,0
"In Memoriam","Home Is Where the Hatred Is",Michael,Sekhar,1
"In Memoriam","Home Is Where the Hatred Is",Michael,Farhan,1
"In Memoriam","Home Is Where the Hatred Is",Michael,Michael,0
"In Memoriam","I've Been Waiting (w/ ILoveMakonnen & Fall Out Boy)",Jack,Josef,-1
"In Memoriam","I've Been Waiting (w/ ILoveMakonnen & Fall Out Boy)",Jack,Envy,0
"In Memoriam","I've Been Waiting (w/ ILoveMakonnen & Fall Out Boy)",Jack,Beez,1
"In Memoriam","I've Been Waiting (w/ ILoveMakonnen & Fall Out Boy)",Jack,Sharky,1
"In Memoriam","I've Been Waiting (w/ ILoveMakonnen & Fall Out Boy)",Jack,Jack,0
"In Memoriam","I've Been Waiting (w/ ILoveMakonnen & Fall Out Boy)",Jack,Sekhar,-1
"In Memoriam","I've Been Waiting (w/ ILoveMakonnen & Fall Out Boy)",Jack,Farhan,-1
"In Memoriam","I've Been Waiting (w/ ILoveMakonnen & Fall Out Boy)",Jack,Michael,1
"In Memoriam","Heart-Shaped Box",Josef,Josef,0
"In Memoriam","Heart-Shaped Box",Josef,Envy,0
"In Memoriam","Heart-Shaped Box",Josef,Beez,-1
"In Memoriam","Heart-Shaped Box",Josef,Sharky,1
"In Memoriam","Heart-Shaped Box",Josef,Jack,0
"In Memoriam","Heart-Shaped Box",Josef,Sekhar,1
"In Memoriam","Heart-Shaped Box",Josef,Farhan,-1
"In Memoriam","Heart-Shaped Box",Josef,Michael,0
"In Memoriam","Dead To Me",Beez,Josef,-1
"In Memoriam","Dead To Me",Beez,Envy,1
"In Memoriam","Dead To Me",Beez,Beez,0
"In Memoriam","Dead To Me",Beez,Sharky,0
"In Memoriam","Dead To Me",Beez,Jack,-1
"In Memoriam","Dead To Me",Beez,Sekhar,-1
"In Memoriam","Dead To Me",Beez,Farhan,0
"In Memoriam","Dead To Me",Beez,Michael,-1
"In Memoriam",Congratulations,Farhan,Josef,0
"In Memoriam",Congratulations,Farhan,Envy,0
"In Memoriam",Congratulations,Farhan,Beez,0
"In Memoriam",Congratulations,Farhan,Sharky,-1
"In Memoriam",Congratulations,Farhan,Jack,-1
"In Memoriam",Congratulations,Farhan,Sekhar,0
"In Memoriam",Congratulations,Farhan,Farhan,0
"In Memoriam",Congratulations,Farhan,Michael,-1
"In Memoriam","Valerie - Live At BBC Radio 1 Live Lounge",Sekhar,Envy,-1
"In Memoriam","Valerie - Live At BBC Radio 1 Live Lounge",Sekhar,Sharky,0
"In Memoriam","Valerie - Live At BBC Radio 1 Live Lounge",Sekhar,Jack,0
"In Memoriam","Valerie - Live At BBC Radio 1 Live Lounge",Sekhar,Beez,0
"In Memoriam","Valerie - Live At BBC Radio 1 Live Lounge",Sekhar,Farhan,0
"In Memoriam","Valerie - Live At BBC Radio 1 Live Lounge",Sekhar,Michael,1
"In Memoriam","Valerie - Live At BBC Radio 1 Live Lounge",Sekhar,Josef,1
