Round,Title,submitter_name,voter_name,"Point Value"
"Name Check","Maria I'm Drunk (feat. Justin Bieber & Young Thug)",Jack,Envy,1
"Name Check","Maria I'm Drunk (feat. Justin Bieber & Young Thug)",Jack,Sharky,1
"Name Check","Maria I'm Drunk (feat. Justin Bieber & Young Thug)",Jack,Michael,1
"Name Check","Maria I'm Drunk (feat. Justin Bieber & Young Thug)",Jack,Yacob,1
"Name Check","Maria I'm Drunk (feat. Justin Bieber & Young Thug)",Jack,Sekhar,1
"Name Check","Maria I'm Drunk (feat. Justin Bieber & Young Thug)",Jack,Farhan,0
"Name Check","Maria I'm Drunk (feat. Justin Bieber & Young Thug)",Jack,Sahadar,0
"Name Check","Maria I'm Drunk (feat. Justin Bieber & Young Thug)",Jack,Jack,0
"Name Check","Maria I'm Drunk (feat. Justin Bieber & Young Thug)",Jack,Josef,0
"Name Check",Camille,Michael,Envy,0
"Name Check",Camille,Michael,Sharky,0
"Name Check",Camille,Michael,Michael,0
"Name Check",Camille,Michael,Yacob,1
"Name Check",Camille,Michael,Sekhar,1
"Name Check",Camille,Michael,Farhan,1
"Name Check",Camille,Michael,Sahadar,0
"Name Check",Camille,Michael,Jack,0
"Name Check",Camille,Michael,Josef,0
"Name Check","Sheila Ki Jawani",Yacob,Envy,1
"Name Check","Sheila Ki Jawani",Yacob,Sharky,-1
"Name Check","Sheila Ki Jawani",Yacob,Michael,1
"Name Check","Sheila Ki Jawani",Yacob,Yacob,0
"Name Check","Sheila Ki Jawani",Yacob,Sekhar,1
"Name Check","Sheila Ki Jawani",Yacob,Farhan,-1
"Name Check","Sheila Ki Jawani",Yacob,Sahadar,1
"Name Check","Sheila Ki Jawani",Yacob,Jack,1
"Name Check","Sheila Ki Jawani",Yacob,Josef,-1
"Name Check",Oni,Farhan,Envy,0
"Name Check",Oni,Farhan,Sharky,1
"Name Check",Oni,Farhan,Michael,0
"Name Check",Oni,Farhan,Yacob,-1
"Name Check",Oni,Farhan,Sekhar,0
"Name Check",Oni,Farhan,Farhan,0
"Name Check",Oni,Farhan,Sahadar,1
"Name Check",Oni,Farhan,Jack,0
"Name Check",Oni,Farhan,Josef,1
"Name Check","Wyclef Jean",Sharky,Envy,1
"Name Check","Wyclef Jean",Sharky,Sharky,0
"Name Check","Wyclef Jean",Sharky,Michael,-1
"Name Check","Wyclef Jean",Sharky,Yacob,0
"Name Check","Wyclef Jean",Sharky,Sekhar,-1
"Name Check","Wyclef Jean",Sharky,Farhan,0
"Name Check","Wyclef Jean",Sharky,Sahadar,1
"Name Check","Wyclef Jean",Sharky,Jack,0
"Name Check","Wyclef Jean",Sharky,Josef,1
"Name Check",Bane,Envy,Envy,0
"Name Check",Bane,Envy,Sharky,0
"Name Check",Bane,Envy,Michael,1
"Name Check",Bane,Envy,Yacob,0
"Name Check",Bane,Envy,Sekhar,0
"Name Check",Bane,Envy,Farhan,0
"Name Check",Bane,Envy,Sahadar,-1
"Name Check",Bane,Envy,Jack,1
"Name Check",Bane,Envy,Josef,-1
"Name Check",Jacob,Josef,Envy,-1
"Name Check",Jacob,Josef,Sharky,1
"Name Check",Jacob,Josef,Michael,0
"Name Check",Jacob,Josef,Yacob,-1
"Name Check",Jacob,Josef,Sekhar,-1
"Name Check",Jacob,Josef,Farhan,1
"Name Check",Jacob,Josef,Sahadar,-1
"Name Check",Jacob,Josef,Jack,1
"Name Check",Jacob,Josef,Josef,0
"Name Check",Helena,Sahadar,Envy,0
"Name Check",Helena,Sahadar,Sharky,0
"Name Check",Helena,Sahadar,Michael,-1
"Name Check",Helena,Sahadar,Yacob,1
"Name Check",Helena,Sahadar,Sekhar,0
"Name Check",Helena,Sahadar,Farhan,-1
"Name Check",Helena,Sahadar,Sahadar,0
"Name Check",Helena,Sahadar,Jack,-1
"Name Check",Helena,Sahadar,Josef,1
"Name Check","Michelle - Remastered 2009",Sekhar,Envy,-1
"Name Check","Michelle - Remastered 2009",Sekhar,Sharky,-1
"Name Check","Michelle - Remastered 2009",Sekhar,Michael,0
"Name Check","Michelle - Remastered 2009",Sekhar,Yacob,0
"Name Check","Michelle - Remastered 2009",Sekhar,Sekhar,0
"Name Check","Michelle - Remastered 2009",Sekhar,Farhan,1
"Name Check","Michelle - Remastered 2009",Sekhar,Sahadar,0
"Name Check","Michelle - Remastered 2009",Sekhar,Jack,-1
"Name Check","Michelle - Remastered 2009",Sekhar,Josef,0
