Round,Title,submitter_name,voter_name,"Point Value"
Instrumentals,Whiplash,Sahadar,Josef,1
Instrumentals,Whiplash,Sahadar,Michael,1
Instrumentals,Whiplash,Sahadar,Farhan,1
Instrumentals,Whiplash,Sahadar,Sekhar,1
Instrumentals,Whiplash,Sahadar,Jack,0
Instrumentals,Whiplash,Sahadar,Envy,0
Instrumentals,Whiplash,Sahadar,Beez,0
Instrumentals,Whiplash,Sahadar,Sharky,0
Instrumentals,Whiplash,Sahadar,Yacob,0
Instrumentals,Whiplash,Sahadar,Sahadar,0
Instrumentals,"Far Horizons",Jack,Josef,0
Instrumentals,"Far Horizons",Jack,Michael,0
Instrumentals,"Far Horizons",Jack,Farhan,0
Instrumentals,"Far Horizons",Jack,Sekhar,0
Instrumentals,"Far Horizons",Jack,Jack,0
Instrumentals,"Far Horizons",Jack,Envy,1
Instrumentals,"Far Horizons",Jack,Beez,1
Instrumentals,"Far Horizons",Jack,Sharky,1
Instrumentals,"Far Horizons",Jack,Yacob,1
Instrumentals,"Far Horizons",Jack,Sahadar,0
Instrumentals,"Shingeki Gt 20130218 Kyojin",Envy,Josef,1
Instrumentals,"Shingeki Gt 20130218 Kyojin",Envy,Michael,0
Instrumentals,"Shingeki Gt 20130218 Kyojin",Envy,Farhan,-1
Instrumentals,"Shingeki Gt 20130218 Kyojin",Envy,Sekhar,0
Instrumentals,"Shingeki Gt 20130218 Kyojin",Envy,Jack,1
Instrumentals,"Shingeki Gt 20130218 Kyojin",Envy,Envy,0
Instrumentals,"Shingeki Gt 20130218 Kyojin",Envy,Beez,1
Instrumentals,"Shingeki Gt 20130218 Kyojin",Envy,Sharky,1
Instrumentals,"Shingeki Gt 20130218 Kyojin",Envy,Yacob,-1
Instrumentals,"Shingeki Gt 20130218 Kyojin",Envy,Sahadar,1
Instrumentals,"Rip & Tear",Josef,Josef,0
Instrumentals,"Rip & Tear",Josef,Michael,1
Instrumentals,"Rip & Tear",Josef,Farhan,-1
Instrumentals,"Rip & Tear",Josef,Sekhar,1
Instrumentals,"Rip & Tear",Josef,Jack,-1
Instrumentals,"Rip & Tear",Josef,Envy,0
Instrumentals,"Rip & Tear",Josef,Beez,0
Instrumentals,"Rip & Tear",Josef,Sharky,1
Instrumentals,"Rip & Tear",Josef,Yacob,0
Instrumentals,"Rip & Tear",Josef,Sahadar,1
Instrumentals,Moanin',Michael,Josef,0
Instrumentals,Moanin',Michael,Michael,0
Instrumentals,Moanin',Michael,Farhan,1
Instrumentals,Moanin',Michael,Sekhar,0
Instrumentals,Moanin',Michael,Jack,0
Instrumentals,Moanin',Michael,Envy,-1
Instrumentals,Moanin',Michael,Beez,0
Instrumentals,Moanin',Michael,Sharky,0
Instrumentals,Moanin',Michael,Yacob,1
Instrumentals,Moanin',Michael,Sahadar,1
Instrumentals,"Cornfield Chase",Yacob,Josef,-1
Instrumentals,"Cornfield Chase",Yacob,Michael,0
Instrumentals,"Cornfield Chase",Yacob,Farhan,0
Instrumentals,"Cornfield Chase",Yacob,Sekhar,0
Instrumentals,"Cornfield Chase",Yacob,Jack,1
Instrumentals,"Cornfield Chase",Yacob,Envy,1
Instrumentals,"Cornfield Chase",Yacob,Beez,1
Instrumentals,"Cornfield Chase",Yacob,Sharky,0
Instrumentals,"Cornfield Chase",Yacob,Yacob,0
Instrumentals,"Cornfield Chase",Yacob,Sahadar,0
Instrumentals,Alibi,Sekhar,Josef,0
Instrumentals,Alibi,Sekhar,Michael,0
Instrumentals,Alibi,Sekhar,Farhan,0
Instrumentals,Alibi,Sekhar,Sekhar,0
Instrumentals,Alibi,Sekhar,Jack,1
Instrumentals,Alibi,Sekhar,Envy,1
Instrumentals,Alibi,Sekhar,Beez,-1
Instrumentals,Alibi,Sekhar,Sharky,-1
Instrumentals,Alibi,Sekhar,Yacob,1
Instrumentals,Alibi,Sekhar,Sahadar,0
Instrumentals,"Battle! (Champion Cynthia) - Arrangement",Sharky,Josef,1
Instrumentals,"Battle! (Champion Cynthia) - Arrangement",Sharky,Michael,1
Instrumentals,"Battle! (Champion Cynthia) - Arrangement",Sharky,Farhan,0
Instrumentals,"Battle! (Champion Cynthia) - Arrangement",Sharky,Sekhar,-1
Instrumentals,"Battle! (Champion Cynthia) - Arrangement",Sharky,Jack,0
Instrumentals,"Battle! (Champion Cynthia) - Arrangement",Sharky,Envy,0
Instrumentals,"Battle! (Champion Cynthia) - Arrangement",Sharky,Beez,-1
Instrumentals,"Battle! (Champion Cynthia) - Arrangement",Sharky,Sharky,0
Instrumentals,"Battle! (Champion Cynthia) - Arrangement",Sharky,Yacob,0
Instrumentals,"Battle! (Champion Cynthia) - Arrangement",Sharky,Sahadar,0
Instrumentals,"Davy Jones",Beez,Josef,0
Instrumentals,"Davy Jones",Beez,Michael,-1
Instrumentals,"Davy Jones",Beez,Farhan,1
Instrumentals,"Davy Jones",Beez,Sekhar,-1
Instrumentals,"Davy Jones",Beez,Jack,0
Instrumentals,"Davy Jones",Beez,Envy,0
Instrumentals,"Davy Jones",Beez,Beez,0
Instrumentals,"Davy Jones",Beez,Sharky,-1
Instrumentals,"Davy Jones",Beez,Yacob,0
Instrumentals,"Davy Jones",Beez,Sahadar,-1
Instrumentals,"Flying - Remastered 2009",Farhan,Josef,-1
Instrumentals,"Flying - Remastered 2009",Farhan,Michael,-1
Instrumentals,"Flying - Remastered 2009",Farhan,Farhan,0
Instrumentals,"Flying - Remastered 2009",Farhan,Sekhar,1
Instrumentals,"Flying - Remastered 2009",Farhan,Jack,-1
Instrumentals,"Flying - Remastered 2009",Farhan,Envy,-1
Instrumentals,"Flying - Remastered 2009",Farhan,Beez,0
Instrumentals,"Flying - Remastered 2009",Farhan,Sharky,0
Instrumentals,"Flying - Remastered 2009",Farhan,Yacob,-1
Instrumentals,"Flying - Remastered 2009",Farhan,Sahadar,-1
