Round,Title,submitter_name,voter_name,"Point Value"
Duets,"Shoota (feat. Lil Uzi Vert)",Envy,Josef,1
Duets,"Shoota (feat. Lil Uzi Vert)",Envy,Beez,1
Duets,"Shoota (feat. Lil Uzi Vert)",Envy,Sharky,1
Duets,"Shoota (feat. Lil Uzi Vert)",Envy,Jack,1
Duets,"Shoota (feat. Lil Uzi Vert)",Envy,Farhan,1
Duets,"Shoota (feat. Lil Uzi Vert)",Envy,Yacob,1
Duets,"Shoota (feat. Lil Uzi Vert)",Envy,Shaan,1
Duets,"Shoota (feat. Lil Uzi Vert)",Envy,Sekhar,-1
Duets,"Shoota (feat. Lil Uzi Vert)",Envy,Envy,0
Duets,"Shoota (feat. Lil Uzi Vert)",Envy,Michael,0
Duets,"Money Trees",Shaan,Josef,1
Duets,"Money Trees",Shaan,Beez,1
Duets,"Money Trees",Shaan,Sharky,1
Duets,"Money Trees",Shaan,Jack,0
Duets,"Money Trees",Shaan,Farhan,0
Duets,"Money Trees",Shaan,Yacob,1
Duets,"Money Trees",Shaan,Shaan,0
Duets,"Money Trees",Shaan,Sekhar,0
Duets,"Money Trees",Shaan,Envy,1
Duets,"Money Trees",Shaan,Michael,0
Duets,"Ain't No Mountain High Enough",Sharky,Josef,1
Duets,"Ain't No Mountain High Enough",Sharky,Beez,-1
Duets,"Ain't No Mountain High Enough",Sharky,Sharky,0
Duets,"Ain't No Mountain High Enough",Sharky,Jack,-1
Duets,"Ain't No Mountain High Enough",Sharky,Farhan,1
Duets,"Ain't No Mountain High Enough",Sharky,Yacob,1
Duets,"Ain't No Mountain High Enough",Sharky,Shaan,1
Duets,"Ain't No Mountain High Enough",Sharky,Sekhar,0
Duets,"Ain't No Mountain High Enough",Sharky,Envy,1
Duets,"Ain't No Mountain High Enough",Sharky,Michael,1
Duets,"Under Pressure - Remastered 2011",Sekhar,Josef,0
Duets,"Under Pressure - Remastered 2011",Sekhar,Beez,0
Duets,"Under Pressure - Remastered 2011",Sekhar,Sharky,-1
Duets,"Under Pressure - Remastered 2011",Sekhar,Jack,1
Duets,"Under Pressure - Remastered 2011",Sekhar,Farhan,1
Duets,"Under Pressure - Remastered 2011",Sekhar,Yacob,0
Duets,"Under Pressure - Remastered 2011",Sekhar,Shaan,-1
Duets,"Under Pressure - Remastered 2011",Sekhar,Sekhar,0
Duets,"Under Pressure - Remastered 2011",Sekhar,Envy,1
Duets,"Under Pressure - Remastered 2011",Sekhar,Michael,1
Duets,"Think Fast (feat. Weezer)",Yacob,Josef,0
Duets,"Think Fast (feat. Weezer)",Yacob,Beez,0
Duets,"Think Fast (feat. Weezer)",Yacob,Sharky,0
Duets,"Think Fast (feat. Weezer)",Yacob,Jack,1
Duets,"Think Fast (feat. Weezer)",Yacob,Farhan,0
Duets,"Think Fast (feat. Weezer)",Yacob,Yacob,0
Duets,"Think Fast (feat. Weezer)",Yacob,Shaan,0
Duets,"Think Fast (feat. Weezer)",Yacob,Sekhar,1
Duets,"Think Fast (feat. Weezer)",Yacob,Envy,0
Duets,"Think Fast (feat. Weezer)",Yacob,Michael,0
Duets,"Saturnz Barz (feat. Popcaan)",Josef,Josef,0
Duets,"Saturnz Barz (feat. Popcaan)",Josef,Beez,1
Duets,"Saturnz Barz (feat. Popcaan)",Josef,Sharky,0
Duets,"Saturnz Barz (feat. Popcaan)",Josef,Jack,0
Duets,"Saturnz Barz (feat. Popcaan)",Josef,Farhan,-1
Duets,"Saturnz Barz (feat. Popcaan)",Josef,Yacob,-1
Duets,"Saturnz Barz (feat. Popcaan)",Josef,Shaan,0
Duets,"Saturnz Barz (feat. Popcaan)",Josef,Sekhar,1
Duets,"Saturnz Barz (feat. Popcaan)",Josef,Envy,0
Duets,"Saturnz Barz (feat. Popcaan)",Josef,Michael,1
Duets,"Poetic Justice",Farhan,Josef,0
Duets,"Poetic Justice",Farhan,Beez,0
Duets,"Poetic Justice",Farhan,Sharky,1
Duets,"Poetic Justice",Farhan,Jack,0
Duets,"Poetic Justice",Farhan,Farhan,0
Duets,"Poetic Justice",Farhan,Yacob,0
Duets,"Poetic Justice",Farhan,Shaan,0
Duets,"Poetic Justice",Farhan,Sekhar,1
Duets,"Poetic Justice",Farhan,Envy,0
Duets,"Poetic Justice",Farhan,Michael,-1
Duets,Follow,Jack,Josef,-1
Duets,Follow,Jack,Beez,0
Duets,Follow,Jack,Sharky,0
Duets,Follow,Jack,Jack,0
Duets,Follow,Jack,Farhan,0
Duets,Follow,Jack,Yacob,0
Duets,Follow,Jack,Shaan,1
Duets,Follow,Jack,Sekhar,0
Duets,Follow,Jack,Envy,-1
Duets,Follow,Jack,Michael,-1
Duets,"El Tango De Roxanne - From "Moulin Rouge" Soundtrack",Michael,Josef,0
Duets,"El Tango De Roxanne - From "Moulin Rouge" Soundtrack",Michael,Beez,-1
Duets,"El Tango De Roxanne - From "Moulin Rouge" Soundtrack",Michael,Sharky,0
Duets,"El Tango De Roxanne - From "Moulin Rouge" Soundtrack",Michael,Jack,-1
Duets,"El Tango De Roxanne - From "Moulin Rouge" Soundtrack",Michael,Farhan,0
Duets,"El Tango De Roxanne - From "Moulin Rouge" Soundtrack",Michael,Yacob,0
Duets,"El Tango De Roxanne - From "Moulin Rouge" Soundtrack",Michael,Shaan,-1
Duets,"El Tango De Roxanne - From "Moulin Rouge" Soundtrack",Michael,Sekhar,-1
Duets,"El Tango De Roxanne - From "Moulin Rouge" Soundtrack",Michael,Envy,0
Duets,"El Tango De Roxanne - From "Moulin Rouge" Soundtrack",Michael,Michael,0
Duets,"Drugs N Hella Melodies (feat. Kali Uchis)",Beez,Josef,-1
Duets,"Drugs N Hella Melodies (feat. Kali Uchis)",Beez,Beez,0
Duets,"Drugs N Hella Melodies (feat. Kali Uchis)",Beez,Sharky,-1
Duets,"Drugs N Hella Melodies (feat. Kali Uchis)",Beez,Jack,0
Duets,"Drugs N Hella Melodies (feat. Kali Uchis)",Beez,Farhan,-1
Duets,"Drugs N Hella Melodies (feat. Kali Uchis)",Beez,Yacob,-1
Duets,"Drugs N Hella Melodies (feat. Kali Uchis)",Beez,Shaan,0
Duets,"Drugs N Hella Melodies (feat. Kali Uchis)",Beez,Sekhar,0
Duets,"Drugs N Hella Melodies (feat. Kali Uchis)",Beez,Envy,-1
Duets,"Drugs N Hella Melodies (feat. Kali Uchis)",Beez,Michael,0
