round_id,song_title,submitter_id,voter_id,vote_type
1,"War Pigs - Live",6,3,upvote
1,"War Pigs - Live",6,11,upvote
1,"War Pigs - Live",6,8,mid
1,"War Pigs - Live",6,7,mid
1,"Cover My Eyes",7,3,upvote
1,"Cover My Eyes",7,11,mid
1,"Cover My Eyes",7,8,upvote
1,"Cover My Eyes",7,6,mid
1,"Bulls on Parade - triple j Like A Version",8,3,upvote
1,"Bulls on Parade - triple j Like A Version",8,11,mid
1,"Bulls on Parade - triple j Like A Version",8,6,upvote
1,"Bulls on Parade - triple j Like A Version",8,7,downvote
1,21,3,11,downvote
1,21,3,8,mid
1,21,3,6,mid
1,21,3,7,upvote
1,"Stand By Me",11,3,upvote
1,"Stand By Me",11,8,downvote
1,"Stand By Me",11,6,downvote
1,"Stand By Me",11,7,mid
2,Magnetic,2,7,upvote
2,Magnetic,2,5,upvote
2,Magnetic,2,1,upvote
2,Magnetic,2,10,upvote
2,Magnetic,2,6,upvote
2,Magnetic,2,4,upvote
2,Magnetic,2,3,upvote
2,Magnetic,2,8,upvote
2,Magnetic,2,11,mid
2,"The Girl Is Mine (with Paul McCartney)",8,7,mid
2,"The Girl Is Mine (with Paul McCartney)",8,5,upvote
2,"The Girl Is Mine (with Paul McCartney)",8,1,upvote
2,"The Girl Is Mine (with Paul McCartney)",8,10,upvote
2,"The Girl Is Mine (with Paul McCartney)",8,6,upvote
2,"The Girl Is Mine (with Paul McCartney)",8,4,upvote
2,"The Girl Is Mine (with Paul McCartney)",8,3,mid
2,"The Girl Is Mine (with Paul McCartney)",8,2,upvote
2,"The Girl Is Mine (with Paul McCartney)",8,11,upvote
2,Faded,1,7,upvote
2,Faded,1,5,mid
2,Faded,1,10,upvote
2,Faded,1,6,upvote
2,Faded,1,4,upvote
2,Faded,1,3,upvote
2,Faded,1,8,mid
2,Faded,1,2,upvote
2,Faded,1,11,upvote
2,"You Belong With Me",4,7,downvote
2,"You Belong With Me",4,5,upvote
2,"You Belong With Me",4,1,upvote
2,"You Belong With Me",4,10,downvote
2,"You Belong With Me",4,6,mid
2,"You Belong With Me",4,3,upvote
2,"You Belong With Me",4,8,upvote
2,"You Belong With Me",4,2,upvote
2,"You Belong With Me",4,11,upvote
2,"She Lives in My Lap (feat. Rosario Dawson)",6,7,mid
2,"She Lives in My Lap (feat. Rosario Dawson)",6,5,mid
2,"She Lives in My Lap (feat. Rosario Dawson)",6,1,mid
2,"She Lives in My Lap (feat. Rosario Dawson)",6,10,upvote
2,"She Lives in My Lap (feat. Rosario Dawson)",6,4,upvote
2,"She Lives in My Lap (feat. Rosario Dawson)",6,3,mid
2,"She Lives in My Lap (feat. Rosario Dawson)",6,8,upvote
2,"She Lives in My Lap (feat. Rosario Dawson)",6,2,mid
2,"She Lives in My Lap (feat. Rosario Dawson)",6,11,upvote
2,"Tears Over Beers",5,7,upvote
2,"Tears Over Beers",5,1,upvote
2,"Tears Over Beers",5,10,mid
2,"Tears Over Beers",5,6,mid
2,"Tears Over Beers",5,4,mid
2,"Tears Over Beers",5,3,upvote
2,"Tears Over Beers",5,8,upvote
2,"Tears Over Beers",5,2,mid
2,"Tears Over Beers",5,11,mid
2,"How Sweet",7,5,upvote
2,"How Sweet",7,1,upvote
2,"How Sweet",7,10,mid
2,"How Sweet",7,6,upvote
2,"How Sweet",7,4,mid
2,"How Sweet",7,3,upvote
2,"How Sweet",7,8,mid
2,"How Sweet",7,2,downvote
2,"How Sweet",7,11,mid
2,"Thinking with My Dick (feat. Juicy J)",3,7,upvote
2,"Thinking with My Dick (feat. Juicy J)",3,5,upvote
2,"Thinking with My Dick (feat. Juicy J)",3,1,downvote
2,"Thinking with My Dick (feat. Juicy J)",3,10,upvote
2,"Thinking with My Dick (feat. Juicy J)",3,6,downvote
2,"Thinking with My Dick (feat. Juicy J)",3,4,mid
2,"Thinking with My Dick (feat. Juicy J)",3,8,mid
2,"Thinking with My Dick (feat. Juicy J)",3,2,upvote
2,"Thinking with My Dick (feat. Juicy J)",3,11,downvote
2,"Life is a Highway",10,7,upvote
2,"Life is a Highway",10,5,downvote
2,"Life is a Highway",10,1,mid
2,"Life is a Highway",10,6,upvote
2,"Life is a Highway",10,4,downvote
2,"Life is a Highway",10,3,downvote
2,"Life is a Highway",10,8,upvote
2,"Life is a Highway",10,2,mid
2,"Life is a Highway",10,11,upvote
2,1984,11,7,mid
2,1984,11,5,mid
2,1984,11,1,mid
2,1984,11,10,mid
2,1984,11,6,mid
2,1984,11,4,upvote
2,1984,11,3,mid
2,1984,11,8,downvote
2,1984,11,2,upvote
3,"I Really Want to Stay at Your House",2,7,upvote
3,"I Really Want to Stay at Your House",2,5,upvote
3,"I Really Want to Stay at Your House",2,10,upvote
3,"I Really Want to Stay at Your House",2,6,upvote
3,"I Really Want to Stay at Your House",2,4,upvote
3,"I Really Want to Stay at Your House",2,3,upvote
3,"I Really Want to Stay at Your House",2,11,upvote
3,"I Really Want to Stay at Your House",2,8,mid
3,"I Really Want to Stay at Your House",2,1,mid
3,"All I Wanted",5,7,upvote
3,"All I Wanted",5,10,upvote
3,"All I Wanted",5,6,mid
3,"All I Wanted",5,4,upvote
3,"All I Wanted",5,3,mid
3,"All I Wanted",5,11,upvote
3,"All I Wanted",5,2,upvote
3,"All I Wanted",5,8,upvote
3,"All I Wanted",5,1,mid
3,"Get Jinxed",10,7,upvote
3,"Get Jinxed",10,5,mid
3,"Get Jinxed",10,6,upvote
3,"Get Jinxed",10,4,upvote
3,"Get Jinxed",10,3,upvote
3,"Get Jinxed",10,11,mid
3,"Get Jinxed",10,2,upvote
3,"Get Jinxed",10,8,upvote
3,"Get Jinxed",10,1,downvote
3,"Oxford Circus",11,7,mid
3,"Oxford Circus",11,5,mid
3,"Oxford Circus",11,10,upvote
3,"Oxford Circus",11,6,upvote
3,"Oxford Circus",11,4,mid
3,"Oxford Circus",11,3,upvote
3,"Oxford Circus",11,2,mid
3,"Oxford Circus",11,8,upvote
3,"Oxford Circus",11,1,upvote
3,Unwritten,7,5,mid
3,Unwritten,7,10,upvote
3,Unwritten,7,6,downvote
3,Unwritten,7,4,upvote
3,Unwritten,7,3,mid
3,Unwritten,7,11,upvote
3,Unwritten,7,2,mid
3,Unwritten,7,8,upvote
3,Unwritten,7,1,upvote
3,Clarity,4,7,downvote
3,Clarity,4,5,upvote
3,Clarity,4,10,mid
3,Clarity,4,6,mid
3,Clarity,4,3,upvote
3,Clarity,4,11,upvote
3,Clarity,4,2,upvote
3,Clarity,4,8,mid
3,Clarity,4,1,upvote
3,Espresso,1,7,upvote
3,Espresso,1,5,upvote
3,Espresso,1,10,mid
3,Espresso,1,6,upvote
3,Espresso,1,4,mid
3,Espresso,1,3,downvote
3,Espresso,1,11,downvote
3,Espresso,1,2,upvote
3,Espresso,1,8,upvote
3,"March Madness",3,7,upvote
3,"March Madness",3,5,downvote
3,"March Madness",3,10,upvote
3,"March Madness",3,6,mid
3,"March Madness",3,4,upvote
3,"March Madness",3,11,upvote
3,"March Madness",3,2,mid
3,"March Madness",3,8,downvote
3,"March Madness",3,1,upvote
3,Torn,8,7,mid
3,Torn,8,5,upvote
3,Torn,8,10,mid
3,Torn,8,6,upvote
3,Torn,8,4,mid
3,Torn,8,3,mid
3,Torn,8,11,mid
3,Torn,8,2,upvote
3,Torn,8,1,mid
3,"Lose Control (feat. Ciara & Fat Man Scoop)",6,7,mid
3,"Lose Control (feat. Ciara & Fat Man Scoop)",6,5,upvote
3,"Lose Control (feat. Ciara & Fat Man Scoop)",6,10,downvote
3,"Lose Control (feat. Ciara & Fat Man Scoop)",6,4,downvote
3,"Lose Control (feat. Ciara & Fat Man Scoop)",6,3,upvote
3,"Lose Control (feat. Ciara & Fat Man Scoop)",6,11,mid
3,"Lose Control (feat. Ciara & Fat Man Scoop)",6,2,downvote
3,"Lose Control (feat. Ciara & Fat Man Scoop)",6,8,mid
3,"Lose Control (feat. Ciara & Fat Man Scoop)",6,1,upvote
4,"Why Worry",8,5,upvote
4,"Why Worry",8,2,upvote
4,"Why Worry",8,1,upvote
4,"Why Worry",8,10,upvote
4,"Why Worry",8,6,upvote
4,"Why Worry",8,4,upvote
4,"Why Worry",8,3,upvote
4,"Why Worry",8,11,upvote
4,"Why Worry",8,7,mid
4,Beaux-Mont,2,5,upvote
4,Beaux-Mont,2,1,upvote
4,Beaux-Mont,2,10,mid
4,Beaux-Mont,2,6,mid
4,Beaux-Mont,2,4,upvote
4,Beaux-Mont,2,3,upvote
4,Beaux-Mont,2,11,upvote
4,Beaux-Mont,2,7,upvote
4,Beaux-Mont,2,8,upvote
4,"Same Name",11,5,mid
4,"Same Name",11,2,upvote
4,"Same Name",11,1,upvote
4,"Same Name",11,10,upvote
4,"Same Name",11,6,mid
4,"Same Name",11,4,upvote
4,"Same Name",11,3,upvote
4,"Same Name",11,7,upvote
4,"Same Name",11,8,upvote
4,Spiderwebs,10,5,upvote
4,Spiderwebs,10,2,mid
4,Spiderwebs,10,1,mid
4,Spiderwebs,10,6,upvote
4,Spiderwebs,10,4,upvote
4,Spiderwebs,10,3,upvote
4,Spiderwebs,10,11,upvote
4,Spiderwebs,10,7,mid
4,Spiderwebs,10,8,upvote
4,"tsurugi no mai",3,5,upvote
4,"tsurugi no mai",3,2,upvote
4,"tsurugi no mai",3,1,upvote
4,"tsurugi no mai",3,10,mid
4,"tsurugi no mai",3,6,upvote
4,"tsurugi no mai",3,4,mid
4,"tsurugi no mai",3,11,mid
4,"tsurugi no mai",3,7,upvote
4,"tsurugi no mai",3,8,mid
4,HONEYBUTTER,6,5,mid
4,HONEYBUTTER,6,2,upvote
4,HONEYBUTTER,6,1,upvote
4,HONEYBUTTER,6,10,upvote
4,HONEYBUTTER,6,4,mid
4,HONEYBUTTER,6,3,mid
4,HONEYBUTTER,6,11,upvote
4,HONEYBUTTER,6,7,mid
4,HONEYBUTTER,6,8,upvote
4,"The Hunter",5,2,downvote
4,"The Hunter",5,1,mid
4,"The Hunter",5,10,upvote
4,"The Hunter",5,6,upvote
4,"The Hunter",5,4,upvote
4,"The Hunter",5,3,upvote
4,"The Hunter",5,11,upvote
4,"The Hunter",5,7,downvote
4,"The Hunter",5,8,upvote
4,"In This Darkness",1,5,upvote
4,"In This Darkness",1,2,mid
4,"In This Darkness",1,10,mid
4,"In This Darkness",1,6,upvote
4,"In This Darkness",1,4,downvote
4,"In This Darkness",1,3,mid
4,"In This Darkness",1,11,mid
4,"In This Darkness",1,7,mid
4,"In This Darkness",1,8,mid
4,"In Autumn",4,5,mid
4,"In Autumn",4,2,upvote
4,"In Autumn",4,1,mid
4,"In Autumn",4,10,upvote
4,"In Autumn",4,6,downvote
4,"In Autumn",4,3,mid
4,"In Autumn",4,11,mid
4,"In Autumn",4,7,downvote
4,"In Autumn",4,8,downvote
4,"MILLION DOLLAR BABY",7,5,downvote
4,"MILLION DOLLAR BABY",7,2,mid
4,"MILLION DOLLAR BABY",7,1,downvote
4,"MILLION DOLLAR BABY",7,10,downvote
4,"MILLION DOLLAR BABY",7,6,mid
4,"MILLION DOLLAR BABY",7,4,mid
4,"MILLION DOLLAR BABY",7,3,downvote
4,"MILLION DOLLAR BABY",7,11,downvote
4,"MILLION DOLLAR BABY",7,8,mid
5,Atmosphere,1,2,upvote
5,Atmosphere,1,10,upvote
5,Atmosphere,1,4,upvote
5,Atmosphere,1,3,upvote
5,Atmosphere,1,11,upvote
5,Atmosphere,1,8,upvote
5,Atmosphere,1,5,mid
5,Atmosphere,1,6,mid
5,Atmosphere,1,7,mid
5,Kollage,11,2,mid
5,Kollage,11,10,upvote
5,Kollage,11,4,upvote
5,Kollage,11,3,mid
5,Kollage,11,8,mid
5,Kollage,11,5,upvote
5,Kollage,11,1,upvote
5,Kollage,11,6,upvote
5,Kollage,11,7,mid
5,GEEKIN,6,2,mid
5,GEEKIN,6,10,mid
5,GEEKIN,6,4,mid
5,GEEKIN,6,3,mid
5,GEEKIN,6,11,upvote
5,GEEKIN,6,8,upvote
5,GEEKIN,6,5,mid
5,GEEKIN,6,1,mid
5,GEEKIN,6,7,upvote
5,Zombie,4,2,mid
5,Zombie,4,10,upvote
5,Zombie,4,3,downvote
5,Zombie,4,11,mid
5,Zombie,4,8,mid
5,Zombie,4,5,upvote
5,Zombie,4,1,upvote
5,Zombie,4,6,downvote
5,Zombie,4,7,upvote
5,Bourgeois,5,2,mid
5,Bourgeois,5,10,mid
5,Bourgeois,5,4,downvote
5,Bourgeois,5,3,upvote
5,Bourgeois,5,11,mid
5,Bourgeois,5,8,upvote
5,Bourgeois,5,1,mid
5,Bourgeois,5,6,mid
5,Bourgeois,5,7,mid
5,Wonderwall,10,2,upvote
5,Wonderwall,10,4,upvote
5,Wonderwall,10,3,upvote
5,Wonderwall,10,11,downvote
5,Wonderwall,10,8,downvote
5,Wonderwall,10,5,downvote
5,Wonderwall,10,1,upvote
5,Wonderwall,10,6,mid
5,Wonderwall,10,7,downvote
5,Home,2,10,mid
5,Home,2,4,mid
5,Home,2,3,mid
5,Home,2,11,upvote
5,Home,2,8,mid
5,Home,2,5,mid
5,Home,2,1,mid
5,Home,2,6,mid
5,Home,2,7,downvote
5,MYSTERY,8,2,downvote
5,MYSTERY,8,10,mid
5,MYSTERY,8,4,mid
5,MYSTERY,8,3,downvote
5,MYSTERY,8,11,mid
5,MYSTERY,8,5,upvote
5,MYSTERY,8,1,downvote
5,MYSTERY,8,6,upvote
5,MYSTERY,8,7,mid
5,Domino,7,2,downvote
5,Domino,7,10,downvote
5,Domino,7,4,mid
5,Domino,7,3,mid
5,Domino,7,11,mid
5,Domino,7,8,mid
5,Domino,7,5,mid
5,Domino,7,1,downvote
5,Domino,7,6,upvote
5,IMU,3,2,upvote
5,IMU,3,10,downvote
5,IMU,3,4,downvote
5,IMU,3,11,downvote
5,IMU,3,8,downvote
5,IMU,3,5,downvote
5,IMU,3,1,mid
5,IMU,3,6,downvote
5,IMU,3,7,upvote
6,"Weekend (feat. Miguel)",11,5,upvote
6,"Weekend (feat. Miguel)",11,2,upvote
6,"Weekend (feat. Miguel)",11,1,upvote
6,"Weekend (feat. Miguel)",11,10,upvote
6,"Weekend (feat. Miguel)",11,4,upvote
6,"Weekend (feat. Miguel)",11,8,upvote
6,"Weekend (feat. Miguel)",11,3,mid
6,"Weekend (feat. Miguel)",11,6,mid
6,"Levels - Original Version",10,5,mid
6,"Levels - Original Version",10,2,upvote
6,"Levels - Original Version",10,1,mid
6,"Levels - Original Version",10,4,upvote
6,"Levels - Original Version",10,8,mid
6,"Levels - Original Version",10,3,upvote
6,"Levels - Original Version",10,6,mid
6,Faint,2,5,upvote
6,Faint,2,1,downvote
6,Faint,2,10,downvote
6,Faint,2,4,upvote
6,Faint,2,8,mid
6,Faint,2,3,upvote
6,Faint,2,6,upvote
6,"Home Is Where the Hatred Is",6,5,mid
6,"Home Is Where the Hatred Is",6,2,downvote
6,"Home Is Where the Hatred Is",6,1,upvote
6,"Home Is Where the Hatred Is",6,10,mid
6,"Home Is Where the Hatred Is",6,4,mid
6,"Home Is Where the Hatred Is",6,8,upvote
6,"Home Is Where the Hatred Is",6,3,upvote
6,"I've Been Waiting (w/ ILoveMakonnen & Fall Out Boy)",4,5,downvote
6,"I've Been Waiting (w/ ILoveMakonnen & Fall Out Boy)",4,2,mid
6,"I've Been Waiting (w/ ILoveMakonnen & Fall Out Boy)",4,1,upvote
6,"I've Been Waiting (w/ ILoveMakonnen & Fall Out Boy)",4,10,upvote
6,"I've Been Waiting (w/ ILoveMakonnen & Fall Out Boy)",4,8,downvote
6,"I've Been Waiting (w/ ILoveMakonnen & Fall Out Boy)",4,3,downvote
6,"I've Been Waiting (w/ ILoveMakonnen & Fall Out Boy)",4,6,upvote
6,"Heart-Shaped Box",5,2,mid
6,"Heart-Shaped Box",5,1,downvote
6,"Heart-Shaped Box",5,10,upvote
6,"Heart-Shaped Box",5,4,mid
6,"Heart-Shaped Box",5,8,upvote
6,"Heart-Shaped Box",5,3,downvote
6,"Heart-Shaped Box",5,6,mid
6,"Dead To Me",1,5,downvote
6,"Dead To Me",1,2,upvote
6,"Dead To Me",1,10,mid
6,"Dead To Me",1,4,downvote
6,"Dead To Me",1,8,downvote
6,"Dead To Me",1,3,mid
6,"Dead To Me",1,6,downvote
6,Congratulations,3,5,mid
6,Congratulations,3,2,mid
6,Congratulations,3,1,mid
6,Congratulations,3,10,downvote
6,Congratulations,3,4,downvote
6,Congratulations,3,8,mid
6,Congratulations,3,6,downvote
6,"Valerie - Live At BBC Radio 1 Live Lounge",8,2,downvote
6,"Valerie - Live At BBC Radio 1 Live Lounge",8,10,mid
6,"Valerie - Live At BBC Radio 1 Live Lounge",8,4,mid
6,"Valerie - Live At BBC Radio 1 Live Lounge",8,1,mid
6,"Valerie - Live At BBC Radio 1 Live Lounge",8,3,mid
6,"Valerie - Live At BBC Radio 1 Live Lounge",8,6,upvote
6,"Valerie - Live At BBC Radio 1 Live Lounge",8,5,upvote
7,"Maria I'm Drunk (feat. Justin Bieber & Young Thug)",4,2,upvote
7,"Maria I'm Drunk (feat. Justin Bieber & Young Thug)",4,10,upvote
7,"Maria I'm Drunk (feat. Justin Bieber & Young Thug)",4,6,upvote
7,"Maria I'm Drunk (feat. Justin Bieber & Young Thug)",4,11,upvote
7,"Maria I'm Drunk (feat. Justin Bieber & Young Thug)",4,8,upvote
7,"Maria I'm Drunk (feat. Justin Bieber & Young Thug)",4,3,mid
7,"Maria I'm Drunk (feat. Justin Bieber & Young Thug)",4,7,mid
7,"Maria I'm Drunk (feat. Justin Bieber & Young Thug)",4,5,mid
7,Camille,6,2,mid
7,Camille,6,10,mid
7,Camille,6,11,upvote
7,Camille,6,8,upvote
7,Camille,6,3,upvote
7,Camille,6,7,mid
7,Camille,6,4,mid
7,Camille,6,5,mid
7,"Sheila Ki Jawani",11,2,upvote
7,"Sheila Ki Jawani",11,10,downvote
7,"Sheila Ki Jawani",11,6,upvote
7,"Sheila Ki Jawani",11,8,upvote
7,"Sheila Ki Jawani",11,3,downvote
7,"Sheila Ki Jawani",11,7,upvote
7,"Sheila Ki Jawani",11,4,upvote
7,"Sheila Ki Jawani",11,5,downvote
7,Oni,3,2,mid
7,Oni,3,10,upvote
7,Oni,3,6,mid
7,Oni,3,11,downvote
7,Oni,3,8,mid
7,Oni,3,7,upvote
7,Oni,3,4,mid
7,Oni,3,5,upvote
7,"Wyclef Jean",10,2,upvote
7,"Wyclef Jean",10,6,downvote
7,"Wyclef Jean",10,11,mid
7,"Wyclef Jean",10,8,downvote
7,"Wyclef Jean",10,3,mid
7,"Wyclef Jean",10,7,upvote
7,"Wyclef Jean",10,4,mid
7,"Wyclef Jean",10,5,upvote
7,Bane,2,10,mid
7,Bane,2,6,upvote
7,Bane,2,11,mid
7,Bane,2,8,mid
7,Bane,2,3,mid
7,Bane,2,7,downvote
7,Bane,2,4,upvote
7,Bane,2,5,downvote
7,Jacob,5,2,downvote
7,Jacob,5,10,upvote
7,Jacob,5,6,mid
7,Jacob,5,11,downvote
7,Jacob,5,8,downvote
7,Jacob,5,3,upvote
7,Jacob,5,7,downvote
7,Jacob,5,4,upvote
7,Helena,7,2,mid
7,Helena,7,10,mid
7,Helena,7,6,downvote
7,Helena,7,11,upvote
7,Helena,7,8,mid
7,Helena,7,3,downvote
7,Helena,7,4,downvote
7,Helena,7,5,upvote
7,"Michelle - Remastered 2009",8,2,downvote
7,"Michelle - Remastered 2009",8,10,downvote
7,"Michelle - Remastered 2009",8,6,mid
7,"Michelle - Remastered 2009",8,11,mid
7,"Michelle - Remastered 2009",8,3,upvote
7,"Michelle - Remastered 2009",8,7,mid
7,"Michelle - Remastered 2009",8,4,downvote
7,"Michelle - Remastered 2009",8,5,mid
8,Whiplash,7,5,upvote
8,Whiplash,7,6,upvote
8,Whiplash,7,3,upvote
8,Whiplash,7,8,upvote
8,Whiplash,7,4,mid
8,Whiplash,7,2,mid
8,Whiplash,7,1,mid
8,Whiplash,7,10,mid
8,Whiplash,7,11,mid
8,"Far Horizons",4,5,mid
8,"Far Horizons",4,6,mid
8,"Far Horizons",4,3,mid
8,"Far Horizons",4,8,mid
8,"Far Horizons",4,2,upvote
8,"Far Horizons",4,1,upvote
8,"Far Horizons",4,10,upvote
8,"Far Horizons",4,11,upvote
8,"Far Horizons",4,7,mid
8,"Shingeki Gt 20130218 Kyojin",2,5,upvote
8,"Shingeki Gt 20130218 Kyojin",2,6,mid
8,"Shingeki Gt 20130218 Kyojin",2,3,downvote
8,"Shingeki Gt 20130218 Kyojin",2,8,mid
8,"Shingeki Gt 20130218 Kyojin",2,4,upvote
8,"Shingeki Gt 20130218 Kyojin",2,1,upvote
8,"Shingeki Gt 20130218 Kyojin",2,10,upvote
8,"Shingeki Gt 20130218 Kyojin",2,11,downvote
8,"Shingeki Gt 20130218 Kyojin",2,7,upvote
8,"Rip & Tear",5,6,upvote
8,"Rip & Tear",5,3,downvote
8,"Rip & Tear",5,8,upvote
8,"Rip & Tear",5,4,downvote
8,"Rip & Tear",5,2,mid
8,"Rip & Tear",5,1,mid
8,"Rip & Tear",5,10,upvote
8,"Rip & Tear",5,11,mid
8,"Rip & Tear",5,7,upvote
8,Moanin',6,5,mid
8,Moanin',6,3,upvote
8,Moanin',6,8,mid
8,Moanin',6,4,mid
8,Moanin',6,2,downvote
8,Moanin',6,1,mid
8,Moanin',6,10,mid
8,Moanin',6,11,upvote
8,Moanin',6,7,upvote
8,"Cornfield Chase",11,5,downvote
8,"Cornfield Chase",11,6,mid
8,"Cornfield Chase",11,3,mid
8,"Cornfield Chase",11,8,mid
8,"Cornfield Chase",11,4,upvote
8,"Cornfield Chase",11,2,upvote
8,"Cornfield Chase",11,1,upvote
8,"Cornfield Chase",11,10,mid
8,"Cornfield Chase",11,7,mid
8,Alibi,8,5,mid
8,Alibi,8,6,mid
8,Alibi,8,3,mid
8,Alibi,8,4,upvote
8,Alibi,8,2,upvote
8,Alibi,8,1,downvote
8,Alibi,8,10,downvote
8,Alibi,8,11,upvote
8,Alibi,8,7,mid
8,"Battle! (Champion Cynthia) - Arrangement",10,5,upvote
8,"Battle! (Champion Cynthia) - Arrangement",10,6,upvote
8,"Battle! (Champion Cynthia) - Arrangement",10,3,mid
8,"Battle! (Champion Cynthia) - Arrangement",10,8,downvote
8,"Battle! (Champion Cynthia) - Arrangement",10,4,mid
8,"Battle! (Champion Cynthia) - Arrangement",10,2,mid
8,"Battle! (Champion Cynthia) - Arrangement",10,1,downvote
8,"Battle! (Champion Cynthia) - Arrangement",10,11,mid
8,"Battle! (Champion Cynthia) - Arrangement",10,7,mid
8,"Davy Jones",1,5,mid
8,"Davy Jones",1,6,downvote
8,"Davy Jones",1,3,upvote
8,"Davy Jones",1,8,downvote
8,"Davy Jones",1,4,mid
8,"Davy Jones",1,2,mid
8,"Davy Jones",1,10,downvote
8,"Davy Jones",1,11,mid
8,"Davy Jones",1,7,downvote
8,"Flying - Remastered 2009",3,5,downvote
8,"Flying - Remastered 2009",3,6,downvote
8,"Flying - Remastered 2009",3,8,upvote
8,"Flying - Remastered 2009",3,4,downvote
8,"Flying - Remastered 2009",3,2,downvote
8,"Flying - Remastered 2009",3,1,mid
8,"Flying - Remastered 2009",3,10,mid
8,"Flying - Remastered 2009",3,11,downvote
8,"Flying - Remastered 2009",3,7,downvote
9,"Shoota (feat. Lil Uzi Vert)",2,5,upvote
9,"Shoota (feat. Lil Uzi Vert)",2,1,upvote
9,"Shoota (feat. Lil Uzi Vert)",2,10,upvote
9,"Shoota (feat. Lil Uzi Vert)",2,4,upvote
9,"Shoota (feat. Lil Uzi Vert)",2,3,upvote
9,"Shoota (feat. Lil Uzi Vert)",2,11,upvote
9,"Shoota (feat. Lil Uzi Vert)",2,9,upvote
9,"Shoota (feat. Lil Uzi Vert)",2,8,downvote
9,"Shoota (feat. Lil Uzi Vert)",2,6,mid
9,"Money Trees",9,5,upvote
9,"Money Trees",9,1,upvote
9,"Money Trees",9,10,upvote
9,"Money Trees",9,4,mid
9,"Money Trees",9,3,mid
9,"Money Trees",9,11,upvote
9,"Money Trees",9,8,mid
9,"Money Trees",9,2,upvote
9,"Money Trees",9,6,mid
9,"Ain't No Mountain High Enough",10,5,upvote
9,"Ain't No Mountain High Enough",10,1,downvote
9,"Ain't No Mountain High Enough",10,4,downvote
9,"Ain't No Mountain High Enough",10,3,upvote
9,"Ain't No Mountain High Enough",10,11,upvote
9,"Ain't No Mountain High Enough",10,9,upvote
9,"Ain't No Mountain High Enough",10,8,mid
9,"Ain't No Mountain High Enough",10,2,upvote
9,"Ain't No Mountain High Enough",10,6,upvote
9,"Under Pressure - Remastered 2011",8,5,mid
9,"Under Pressure - Remastered 2011",8,1,mid
9,"Under Pressure - Remastered 2011",8,10,downvote
9,"Under Pressure - Remastered 2011",8,4,upvote
9,"Under Pressure - Remastered 2011",8,3,upvote
9,"Under Pressure - Remastered 2011",8,11,mid
9,"Under Pressure - Remastered 2011",8,9,downvote
9,"Under Pressure - Remastered 2011",8,2,upvote
9,"Under Pressure - Remastered 2011",8,6,upvote
9,"Think Fast (feat. Weezer)",11,5,mid
9,"Think Fast (feat. Weezer)",11,1,mid
9,"Think Fast (feat. Weezer)",11,10,mid
9,"Think Fast (feat. Weezer)",11,4,upvote
9,"Think Fast (feat. Weezer)",11,3,mid
9,"Think Fast (feat. Weezer)",11,9,mid
9,"Think Fast (feat. Weezer)",11,8,upvote
9,"Think Fast (feat. Weezer)",11,2,mid
9,"Think Fast (feat. Weezer)",11,6,mid
9,"Saturnz Barz (feat. Popcaan)",5,1,upvote
9,"Saturnz Barz (feat. Popcaan)",5,10,mid
9,"Saturnz Barz (feat. Popcaan)",5,4,mid
9,"Saturnz Barz (feat. Popcaan)",5,3,downvote
9,"Saturnz Barz (feat. Popcaan)",5,11,downvote
9,"Saturnz Barz (feat. Popcaan)",5,9,mid
9,"Saturnz Barz (feat. Popcaan)",5,8,upvote
9,"Saturnz Barz (feat. Popcaan)",5,2,mid
9,"Saturnz Barz (feat. Popcaan)",5,6,upvote
9,"Poetic Justice",3,5,mid
9,"Poetic Justice",3,1,mid
9,"Poetic Justice",3,10,upvote
9,"Poetic Justice",3,4,mid
9,"Poetic Justice",3,11,mid
9,"Poetic Justice",3,9,mid
9,"Poetic Justice",3,8,upvote
9,"Poetic Justice",3,2,mid
9,"Poetic Justice",3,6,downvote
9,Follow,4,5,downvote
9,Follow,4,1,mid
9,Follow,4,10,mid
9,Follow,4,3,mid
9,Follow,4,11,mid
9,Follow,4,9,upvote
9,Follow,4,8,mid
9,Follow,4,2,downvote
9,Follow,4,6,downvote
9,"El Tango De Roxanne - From Moulin Rouge" Soundtrack"",6,5,mid
9,"El Tango De Roxanne - From Moulin Rouge" Soundtrack"",6,1,downvote
9,"El Tango De Roxanne - From Moulin Rouge" Soundtrack"",6,10,mid
9,"El Tango De Roxanne - From Moulin Rouge" Soundtrack"",6,4,downvote
9,"El Tango De Roxanne - From Moulin Rouge" Soundtrack"",6,3,mid
9,"El Tango De Roxanne - From Moulin Rouge" Soundtrack"",6,11,mid
9,"El Tango De Roxanne - From Moulin Rouge" Soundtrack"",6,9,downvote
9,"El Tango De Roxanne - From Moulin Rouge" Soundtrack"",6,8,downvote
9,"El Tango De Roxanne - From Moulin Rouge" Soundtrack"",6,2,mid
9,"Drugs N Hella Melodies (feat. Kali Uchis)",1,5,downvote
9,"Drugs N Hella Melodies (feat. Kali Uchis)",1,10,downvote
9,"Drugs N Hella Melodies (feat. Kali Uchis)",1,4,mid
9,"Drugs N Hella Melodies (feat. Kali Uchis)",1,3,downvote
9,"Drugs N Hella Melodies (feat. Kali Uchis)",1,11,downvote
9,"Drugs N Hella Melodies (feat. Kali Uchis)",1,9,mid
9,"Drugs N Hella Melodies (feat. Kali Uchis)",1,8,mid
9,"Drugs N Hella Melodies (feat. Kali Uchis)",1,2,downvote
9,"Drugs N Hella Melodies (feat. Kali Uchis)",1,6,mid
10,"Highway Patrol",10,5,upvote
10,"Highway Patrol",10,1,upvote
10,"Highway Patrol",10,6,upvote
10,"Highway Patrol",10,4,upvote
10,"Highway Patrol",10,3,upvote
10,"Highway Patrol",10,11,upvote
10,"Highway Patrol",10,9,downvote
10,"Highway Patrol",10,2,mid
10,"Highway Patrol",10,7,mid
10,"Highway Patrol",10,8,mid
10,"Da Baddest Bitch",6,5,upvote
10,"Da Baddest Bitch",6,1,mid
10,"Da Baddest Bitch",6,4,upvote
10,"Da Baddest Bitch",6,3,upvote
10,"Da Baddest Bitch",6,11,upvote
10,"Da Baddest Bitch",6,9,mid
10,"Da Baddest Bitch",6,2,downvote
10,"Da Baddest Bitch",6,7,mid
10,"Da Baddest Bitch",6,10,mid
10,"Da Baddest Bitch",6,8,mid
10,DONTTRUSTME,2,5,mid
10,DONTTRUSTME,2,1,mid
10,DONTTRUSTME,2,6,mid
10,DONTTRUSTME,2,4,mid
10,DONTTRUSTME,2,3,mid
10,DONTTRUSTME,2,11,mid
10,DONTTRUSTME,2,9,upvote
10,DONTTRUSTME,2,7,upvote
10,DONTTRUSTME,2,10,mid
10,DONTTRUSTME,2,8,mid
10,"Gitchee Gitchee Goo",9,5,upvote
10,"Gitchee Gitchee Goo",9,1,downvote
10,"Gitchee Gitchee Goo",9,6,downvote
10,"Gitchee Gitchee Goo",9,4,mid
10,"Gitchee Gitchee Goo",9,3,mid
10,"Gitchee Gitchee Goo",9,11,upvote
10,"Gitchee Gitchee Goo",9,2,downvote
10,"Gitchee Gitchee Goo",9,7,mid
10,"Gitchee Gitchee Goo",9,10,upvote
10,"Gitchee Gitchee Goo",9,8,upvote
10,"Against Me (feat. MAX)",7,5,mid
10,"Against Me (feat. MAX)",7,1,mid
10,"Against Me (feat. MAX)",7,6,mid
10,"Against Me (feat. MAX)",7,4,upvote
10,"Against Me (feat. MAX)",7,3,downvote
10,"Against Me (feat. MAX)",7,11,downvote
10,"Against Me (feat. MAX)",7,9,upvote
10,"Against Me (feat. MAX)",7,2,upvote
10,"Against Me (feat. MAX)",7,10,mid
10,"Against Me (feat. MAX)",7,8,mid
10,Helpless,4,5,mid
10,Helpless,4,1,upvote
10,Helpless,4,6,mid
10,Helpless,4,3,mid
10,Helpless,4,11,mid
10,Helpless,4,9,mid
10,Helpless,4,2,upvote
10,Helpless,4,7,downvote
10,Helpless,4,10,downvote
10,Helpless,4,8,upvote
10,"Dhoom Again",1,5,mid
10,"Dhoom Again",1,6,mid
10,"Dhoom Again",1,4,downvote
10,"Dhoom Again",1,3,mid
10,"Dhoom Again",1,11,mid
10,"Dhoom Again",1,9,mid
10,"Dhoom Again",1,2,mid
10,"Dhoom Again",1,7,upvote
10,"Dhoom Again",1,10,mid
10,"Dhoom Again",1,8,upvote
10,"Be My Girl - Sally",8,5,downvote
10,"Be My Girl - Sally",8,1,mid
10,"Be My Girl - Sally",8,6,upvote
10,"Be My Girl - Sally",8,4,downvote
10,"Be My Girl - Sally",8,3,upvote
10,"Be My Girl - Sally",8,11,downvote
10,"Be My Girl - Sally",8,9,mid
10,"Be My Girl - Sally",8,2,mid
10,"Be My Girl - Sally",8,7,mid
10,"Be My Girl - Sally",8,10,upvote
10,"Peaches (feat. Daniel Caesar & Giveon)",3,5,mid
10,"Peaches (feat. Daniel Caesar & Giveon)",3,1,upvote
10,"Peaches (feat. Daniel Caesar & Giveon)",3,6,mid
10,"Peaches (feat. Daniel Caesar & Giveon)",3,4,mid
10,"Peaches (feat. Daniel Caesar & Giveon)",3,11,mid
10,"Peaches (feat. Daniel Caesar & Giveon)",3,9,mid
10,"Peaches (feat. Daniel Caesar & Giveon)",3,2,upvote
10,"Peaches (feat. Daniel Caesar & Giveon)",3,7,downvote
10,"Peaches (feat. Daniel Caesar & Giveon)",3,10,downvote
10,"Peaches (feat. Daniel Caesar & Giveon)",3,8,mid
10,"M@GICAL CURE! LOVE SHOT! (feat. Hatsune Miku)",5,1,downvote
10,"M@GICAL CURE! LOVE SHOT! (feat. Hatsune Miku)",5,6,upvote
10,"M@GICAL CURE! LOVE SHOT! (feat. Hatsune Miku)",5,4,mid
10,"M@GICAL CURE! LOVE SHOT! (feat. Hatsune Miku)",5,3,downvote
10,"M@GICAL CURE! LOVE SHOT! (feat. Hatsune Miku)",5,11,mid
10,"M@GICAL CURE! LOVE SHOT! (feat. Hatsune Miku)",5,9,upvote
10,"M@GICAL CURE! LOVE SHOT! (feat. Hatsune Miku)",5,2,mid
10,"M@GICAL CURE! LOVE SHOT! (feat. Hatsune Miku)",5,7,mid
10,"M@GICAL CURE! LOVE SHOT! (feat. Hatsune Miku)",5,10,mid
10,"M@GICAL CURE! LOVE SHOT! (feat. Hatsune Miku)",5,8,downvote
10,RISE,11,5,downvote
10,RISE,11,1,mid
10,RISE,11,6,downvote
10,RISE,11,4,mid
10,RISE,11,3,mid
10,RISE,11,9,downvote
10,RISE,11,2,mid
10,RISE,11,7,upvote
10,RISE,11,10,upvote
10,RISE,11,8,downvote
